prompt_id,method,family,z_score,ppl,new_tokens,seconds
0,baseline,baseline,0.8944269909999605,9.566606521606445,80,2.309000974521041
1,baseline,baseline,-0.22360674774999012,11.881935119628906,80,1.7062152745202184
2,baseline,baseline,0.44721349549998024,7.0272393226623535,80,1.6864430801942945
3,baseline,baseline,0.44721349549998024,3.5598602294921875,80,1.6832180321216583
4,baseline,baseline,0.0,6.141146183013916,80,1.7623887825757265
5,baseline,baseline,-1.3416404864999407,7.123020172119141,80,1.7330004731193185
6,baseline,baseline,1.3416404864999407,6.219133377075195,80,1.7628253987058997
7,baseline,baseline,1.3416404864999407,10.853256225585938,80,1.7670592553913593
8,baseline,baseline,-0.44721349549998024,14.883398056030273,80,1.7358738100156188
9,baseline,baseline,-1.3416404864999407,6.327462673187256,80,1.7409949973225594
10,baseline,baseline,1.1180337387499506,4.829823970794678,80,1.7734774183481932
11,baseline,baseline,0.6708202432499704,6.566159725189209,80,1.7327661970630288
12,baseline,baseline,-0.22360674774999012,8.726157188415527,80,1.734624962322414
13,baseline,baseline,-0.8944269909999605,17.882535934448242,80,1.7164996666833758
14,baseline,baseline,-0.6708202432499704,6.807415962219238,80,1.717939623631537
15,baseline,baseline,-0.6708202432499704,9.375049591064453,80,1.7567148869857192
16,baseline,baseline,-0.22360674774999012,15.72303295135498,80,1.7400426510721445
17,baseline,baseline,-1.3416404864999407,8.443075180053711,80,1.7622265117242932
18,baseline,baseline,-0.8944269909999605,6.827060222625732,80,1.74584190081805
19,baseline,baseline,0.0,10.078551292419434,80,1.763759388588369
20,baseline,baseline,-0.6708202432499704,9.682371139526367,80,1.7316820928826928
21,baseline,baseline,0.0,10.191256523132324,80,1.7130413902923465
22,baseline,baseline,0.22360674774999012,7.481881618499756,80,1.7383880987763405
23,baseline,baseline,2.012460729749911,9.190362930297852,80,1.7064249366521835
24,baseline,baseline,-0.44721349549998024,12.481170654296875,80,1.7523778779432178
25,baseline,baseline,-0.8944269909999605,6.299989700317383,80,1.7420897437259555
26,baseline,baseline,-0.6708202432499704,6.514355182647705,80,1.7635753871873021
27,baseline,baseline,-0.8944269909999605,7.9738969802856445,80,1.7273619966581464
28,baseline,baseline,-0.8944269909999605,9.317721366882324,80,1.661322026513517
29,baseline,baseline,0.0,6.774869918823242,80,1.764564249664545
30,baseline,baseline,-0.22360674774999012,6.781264781951904,80,1.7568541755899787
31,baseline,baseline,0.6708202432499704,8.984476089477539,80,1.752432007342577
32,baseline,baseline,0.22360674774999012,8.320663452148438,80,1.7770929858088493
33,baseline,baseline,0.8944269909999605,10.259965896606445,80,1.7566526802256703
34,baseline,baseline,-0.8944269909999605,12.967582702636719,80,1.7594155883416533
35,baseline,baseline,0.8944269909999605,9.584699630737305,80,1.741030277684331
36,baseline,baseline,1.3416404864999407,13.988723754882812,80,1.73195347096771
37,baseline,baseline,2.9068877207498716,7.950915336608887,80,1.7595044234767556
38,baseline,baseline,-0.22360674774999012,8.466690063476562,80,1.7636304227635264
39,baseline,baseline,0.0,9.730627059936523,80,1.7323257736861706
40,baseline,baseline,0.22360674774999012,9.276448249816895,80,1.7441511992365122
41,baseline,baseline,2.4596742252498913,8.712630271911621,80,1.7639388889074326
42,baseline,baseline,-1.1180337387499506,10.980626106262207,80,1.7691599177196622
43,baseline,baseline,-0.6708202432499704,13.318203926086426,80,1.8077311320230365
44,baseline,baseline,-0.22360674774999012,15.938241958618164,80,1.8195517659187317
45,baseline,baseline,0.44721349549998024,8.483986854553223,80,1.7932655904442072
46,baseline,baseline,-0.22360674774999012,5.967503547668457,80,1.7885397104546428
47,baseline,baseline,1.788853981999921,9.434667587280273,80,1.8119880072772503
48,baseline,baseline,1.1180337387499506,9.36138916015625,80,1.7044829754158854
49,baseline,baseline,0.0,10.833686828613281,80,1.7794558927416801
50,baseline,baseline,0.6708202432499704,11.192056655883789,80,1.8038114542141557
51,baseline,baseline,0.6708202432499704,9.31710433959961,80,1.7712850319221616
52,baseline,baseline,2.236067477499901,12.935384750366211,80,1.7321580899879336
53,baseline,baseline,-0.44721349549998024,13.9994535446167,80,1.7276649316772819
54,baseline,baseline,1.5652472342499308,9.641816139221191,80,1.7645498309284449
55,baseline,baseline,0.44721349549998024,13.327844619750977,80,1.7871482810005546
56,baseline,baseline,-0.22360674774999012,8.78816032409668,80,1.8360770950093865
57,baseline,baseline,1.1180337387499506,9.576264381408691,80,1.8220116263255477
58,baseline,baseline,0.22360674774999012,7.14142370223999,80,1.797169634141028
59,baseline,baseline,-0.22360674774999012,8.905489921569824,80,1.7738142730668187
60,baseline,baseline,0.22360674774999012,5.993192672729492,80,1.7533124880865216
61,baseline,baseline,0.22360674774999012,10.947044372558594,80,1.8285052049905062
62,baseline,baseline,0.6708202432499704,4.528098106384277,80,1.7623195685446262
63,baseline,baseline,0.44721349549998024,11.484109878540039,80,1.7774662422016263
64,baseline,baseline,0.6708202432499704,10.968378067016602,80,1.7901832833886147
65,baseline,baseline,0.6708202432499704,8.439703941345215,80,1.7867089537903666
66,baseline,baseline,0.6708202432499704,5.788106918334961,80,1.7691518915817142
67,baseline,baseline,1.1180337387499506,9.057308197021484,80,1.7374217007309198
68,baseline,baseline,0.6708202432499704,7.250731945037842,80,1.6912615550681949
69,baseline,baseline,-0.6708202432499704,6.0947089195251465,80,1.7267167270183563
70,baseline,baseline,1.788853981999921,5.189785957336426,80,1.728124177083373
71,baseline,baseline,0.8944269909999605,10.797647476196289,80,1.708725425414741
72,baseline,baseline,0.8944269909999605,14.775117874145508,80,1.7730249119922519
73,baseline,baseline,-1.1180337387499506,7.792908191680908,80,1.720100020058453
74,baseline,baseline,0.6708202432499704,6.136635780334473,80,1.723067769780755
75,baseline,baseline,-0.8944269909999605,9.640572547912598,80,1.8130409121513367
76,baseline,baseline,0.0,13.448427200317383,80,2.1704985899850726
77,baseline,baseline,0.6708202432499704,6.746513843536377,80,1.855371038429439
78,baseline,baseline,-1.3416404864999407,12.016697883605957,80,1.6952387299388647
79,baseline,baseline,-0.8944269909999605,8.014283180236816,80,1.6843813080340624
80,baseline,baseline,0.6708202432499704,8.75389289855957,80,1.704431257210672
81,baseline,baseline,-0.44721349549998024,5.6269001960754395,80,1.7490332964807749
82,baseline,baseline,0.22360674774999012,12.623290061950684,80,1.7273974623531103
83,baseline,baseline,0.0,6.939556121826172,80,1.7057440532371402
84,baseline,baseline,-0.44721349549998024,11.746086120605469,80,1.6761003723368049
85,baseline,baseline,2.236067477499901,7.516425132751465,80,1.6638470701873302
86,baseline,baseline,1.3416404864999407,7.799731731414795,80,1.6870930436998606
87,baseline,baseline,0.22360674774999012,8.6644287109375,80,1.7337451903149486
88,baseline,baseline,0.6708202432499704,12.6201171875,80,1.7604545401409268
89,baseline,baseline,-0.8944269909999605,8.087447166442871,80,1.8088200390338898
90,baseline,baseline,0.44721349549998024,9.468857765197754,80,1.7899051178246737
91,baseline,baseline,0.0,12.7706880569458,80,1.729090509004891
92,baseline,baseline,0.44721349549998024,6.045154094696045,80,1.744638331234455
93,baseline,baseline,-0.6708202432499704,9.766538619995117,80,1.8068173173815012
94,baseline,baseline,-0.6708202432499704,6.55234956741333,80,1.7154905637726188
95,baseline,baseline,1.1180337387499506,8.971145629882812,80,1.7526301871985197
96,baseline,baseline,0.0,13.487489700317383,80,1.7480598809197545
97,baseline,baseline,-1.3416404864999407,7.833207130432129,80,1.7604107540100813
98,baseline,baseline,0.22360674774999012,8.689872741699219,80,1.725070702843368
99,baseline,baseline,0.6708202432499704,6.716932773590088,80,1.7355334823951125
0,kgw_d1.0,kgw,3.1304944684998617,13.5307035446167,80,1.767867329530418
1,kgw_d1.0,kgw,1.3416404864999407,5.908252716064453,80,1.7469309717416763
2,kgw_d1.0,kgw,4.248528207249812,6.829927921295166,80,1.7743501784279943
3,kgw_d1.0,kgw,4.024921459499822,6.0343146324157715,80,1.7949018916115165
4,kgw_d1.0,kgw,3.577707963999842,6.013818264007568,80,1.814965114928782
5,kgw_d1.0,kgw,2.4596742252498913,4.662489414215088,80,1.7473969599232078
6,kgw_d1.0,kgw,2.6832809729998814,5.845736026763916,80,1.8521515494212508
7,kgw_d1.0,kgw,4.024921459499822,6.198231220245361,80,1.8452869476750493
8,kgw_d1.0,kgw,2.236067477499901,18.709070205688477,80,1.8086348492652178
9,kgw_d1.0,kgw,1.788853981999921,5.517471790313721,80,1.805329805240035
10,kgw_d1.0,kgw,1.3416404864999407,4.650597095489502,80,1.7633983278647065
11,kgw_d1.0,kgw,0.6708202432499704,7.34970235824585,80,1.7986845411360264
12,kgw_d1.0,kgw,1.5652472342499308,5.467144012451172,80,1.791505103930831
13,kgw_d1.0,kgw,3.354101216249852,11.938278198242188,80,1.8014256795868278
14,kgw_d1.0,kgw,5.142955198249773,6.352271556854248,80,1.8514521410688758
15,kgw_d1.0,kgw,2.9068877207498716,13.807181358337402,80,1.8274813583120704
16,kgw_d1.0,kgw,3.801314711749832,9.067291259765625,80,1.753644254989922
17,kgw_d1.0,kgw,2.6832809729998814,6.472196102142334,80,1.8351121759042144
18,kgw_d1.0,kgw,3.354101216249852,11.070503234863281,80,1.7468631193041801
19,kgw_d1.0,kgw,3.801314711749832,8.298919677734375,80,1.803780186921358
20,kgw_d1.0,kgw,3.1304944684998617,9.662543296813965,80,1.814458911307156
21,kgw_d1.0,kgw,2.236067477499901,9.725677490234375,80,1.8130007730796933
22,kgw_d1.0,kgw,2.4596742252498913,9.193299293518066,80,1.809713989496231
23,kgw_d1.0,kgw,2.9068877207498716,9.691727638244629,80,1.8274195780977607
24,kgw_d1.0,kgw,4.472134954999802,6.988619804382324,80,1.8479386446997523
25,kgw_d1.0,kgw,2.012460729749911,9.13872241973877,80,1.8328290162608027
26,kgw_d1.0,kgw,4.248528207249812,6.729471206665039,80,1.8621505973860621
27,kgw_d1.0,kgw,1.5652472342499308,6.861227035522461,80,1.8642417071387172
28,kgw_d1.0,kgw,3.1304944684998617,9.910118103027344,80,1.9660961823537946
29,kgw_d1.0,kgw,3.577707963999842,11.16563606262207,80,1.8048194414004683
30,kgw_d1.0,kgw,2.236067477499901,9.380279541015625,80,1.8610787987709045
31,kgw_d1.0,kgw,0.6708202432499704,7.912683010101318,80,1.8591631557792425
32,kgw_d1.0,kgw,2.9068877207498716,8.548982620239258,80,1.8283178359270096
33,kgw_d1.0,kgw,3.801314711749832,9.113057136535645,80,1.822658653371036
34,kgw_d1.0,kgw,2.6832809729998814,22.499576568603516,80,1.7958496091887355
35,kgw_d1.0,kgw,2.012460729749911,6.030730724334717,80,1.775615413673222
36,kgw_d1.0,kgw,4.472134954999802,12.705011367797852,80,1.7979522617533803
37,kgw_d1.0,kgw,3.801314711749832,8.150270462036133,80,1.824493408203125
38,kgw_d1.0,kgw,3.354101216249852,10.594048500061035,80,1.8217855766415596
39,kgw_d1.0,kgw,2.012460729749911,9.097609519958496,80,1.8517390172928572
40,kgw_d1.0,kgw,2.236067477499901,17.009418487548828,80,1.838868505321443
41,kgw_d1.0,kgw,2.9068877207498716,10.453784942626953,80,1.855125842615962
42,kgw_d1.0,kgw,2.012460729749911,12.415766716003418,80,1.860599067993462
43,kgw_d1.0,kgw,1.788853981999921,9.881858825683594,80,1.8613848658278584
44,kgw_d1.0,kgw,4.6957417027497925,16.40669822692871,80,1.8289692187681794
45,kgw_d1.0,kgw,2.012460729749911,8.702792167663574,80,1.8742168536409736
46,kgw_d1.0,kgw,2.4596742252498913,17.665023803710938,80,1.8561152406036854
47,kgw_d1.0,kgw,2.9068877207498716,11.78764820098877,80,1.9078201930969954
48,kgw_d1.0,kgw,2.4596742252498913,9.919647216796875,80,1.8885411564260721
49,kgw_d1.0,kgw,2.6832809729998814,4.949492931365967,80,1.7456246381625533
50,kgw_d1.0,kgw,3.354101216249852,11.036725997924805,80,1.7735616080462933
51,kgw_d1.0,kgw,2.4596742252498913,9.116459846496582,80,1.8180931750684977
52,kgw_d1.0,kgw,3.1304944684998617,9.6233491897583,80,1.784108187071979
53,kgw_d1.0,kgw,4.919348450499783,14.057496070861816,80,1.8514670627191663
54,kgw_d1.0,kgw,2.4596742252498913,14.252589225769043,80,1.837597788311541
55,kgw_d1.0,kgw,2.236067477499901,13.134849548339844,80,1.8028383562341332
56,kgw_d1.0,kgw,3.1304944684998617,11.003993034362793,80,1.7844390077516437
57,kgw_d1.0,kgw,1.3416404864999407,9.943620681762695,80,1.8465548492968082
58,kgw_d1.0,kgw,2.236067477499901,8.74543571472168,80,1.813911127857864
59,kgw_d1.0,kgw,2.9068877207498716,7.616072654724121,80,1.829958031885326
60,kgw_d1.0,kgw,2.9068877207498716,11.028766632080078,80,1.827544596977532
61,kgw_d1.0,kgw,3.801314711749832,9.98509407043457,80,1.8466573460027575
62,kgw_d1.0,kgw,1.3416404864999407,6.924463272094727,80,1.8344741938635707
63,kgw_d1.0,kgw,2.9068877207498716,6.817117214202881,80,1.792831325903535
64,kgw_d1.0,kgw,3.354101216249852,8.635805130004883,80,1.8116534408181906
65,kgw_d1.0,kgw,2.012460729749911,9.478730201721191,80,1.7819858668372035
66,kgw_d1.0,kgw,3.1304944684998617,8.863540649414062,80,1.806655891239643
67,kgw_d1.0,kgw,3.1304944684998617,8.65581226348877,80,1.77634999435395
68,kgw_d1.0,kgw,4.024921459499822,9.341245651245117,80,1.771290997043252
69,kgw_d1.0,kgw,2.9068877207498716,8.581622123718262,80,1.808710272423923
70,kgw_d1.0,kgw,4.919348450499783,11.505520820617676,80,1.8635424701496959
71,kgw_d1.0,kgw,3.354101216249852,11.332074165344238,80,1.8692153953015804
72,kgw_d1.0,kgw,1.1180337387499506,7.440955638885498,80,1.8371524345129728
73,kgw_d1.0,kgw,2.4596742252498913,13.693126678466797,80,1.8074471345171332
74,kgw_d1.0,kgw,2.4596742252498913,6.501420974731445,80,1.7414203323423862
75,kgw_d1.0,kgw,2.236067477499901,13.652586936950684,80,1.7163212168961763
76,kgw_d1.0,kgw,3.1304944684998617,13.45348072052002,80,1.738723123446107
77,kgw_d1.0,kgw,1.788853981999921,7.477348327636719,80,1.8027016269043088
78,kgw_d1.0,kgw,6.4845956847497135,12.447430610656738,80,1.8155656503513455
79,kgw_d1.0,kgw,0.8944269909999605,6.14888334274292,80,1.7710237670689821
80,kgw_d1.0,kgw,1.5652472342499308,5.219593048095703,80,1.7742302492260933
81,kgw_d1.0,kgw,4.6957417027497925,10.195332527160645,80,1.7282876269891858
82,kgw_d1.0,kgw,-0.22360674774999012,6.847590923309326,80,1.7518368102610111
83,kgw_d1.0,kgw,2.4596742252498913,8.379382133483887,80,1.770137008279562
84,kgw_d1.0,kgw,2.236067477499901,10.967572212219238,80,1.7354764500632882
85,kgw_d1.0,kgw,2.9068877207498716,10.929722785949707,80,1.7236169893294573
86,kgw_d1.0,kgw,4.024921459499822,9.782966613769531,80,1.747531226836145
87,kgw_d1.0,kgw,4.472134954999802,10.809150695800781,80,1.7162685170769691
88,kgw_d1.0,kgw,2.6832809729998814,9.925362586975098,80,1.747264384292066
89,kgw_d1.0,kgw,1.788853981999921,5.6769514083862305,80,1.767445215024054
90,kgw_d1.0,kgw,4.472134954999802,12.09043025970459,80,1.7583100162446499
91,kgw_d1.0,kgw,2.236067477499901,11.390425682067871,80,1.7546852473169565
92,kgw_d1.0,kgw,5.142955198249773,8.380019187927246,80,1.7614199044182897
93,kgw_d1.0,kgw,2.012460729749911,8.111459732055664,80,1.7300799051299691
94,kgw_d1.0,kgw,1.1180337387499506,8.728373527526855,80,1.7487291097640991
95,kgw_d1.0,kgw,3.801314711749832,6.885014057159424,80,1.7449526600539684
96,kgw_d1.0,kgw,3.577707963999842,12.727069854736328,80,1.767305700108409
97,kgw_d1.0,kgw,2.9068877207498716,14.001994132995605,80,1.7696934565901756
98,kgw_d1.0,kgw,2.6832809729998814,9.42922592163086,80,1.7208107728511095
99,kgw_d1.0,kgw,3.354101216249852,6.647174835205078,80,1.9901158111169934
0,kgw_d1.5,kgw,4.248528207249812,12.751447677612305,80,2.2048331052064896
1,kgw_d1.5,kgw,3.801314711749832,8.550951957702637,80,1.7705431403592229
2,kgw_d1.5,kgw,4.248528207249812,6.312338829040527,80,1.7104594856500626
3,kgw_d1.5,kgw,2.012460729749911,5.92718505859375,80,1.7925225626677275
4,kgw_d1.5,kgw,3.801314711749832,9.20492172241211,80,1.7640336006879807
5,kgw_d1.5,kgw,3.577707963999842,7.016210556030273,80,1.8258026335388422
6,kgw_d1.5,kgw,3.354101216249852,6.017040729522705,80,1.7551280399784446
7,kgw_d1.5,kgw,3.801314711749832,6.880832672119141,80,1.7662410279735923
8,kgw_d1.5,kgw,3.801314711749832,13.258478164672852,80,1.7872744351625443
9,kgw_d1.5,kgw,4.024921459499822,9.475646018981934,80,1.7816697927191854
10,kgw_d1.5,kgw,3.577707963999842,4.984217166900635,80,1.7035880293697119
11,kgw_d1.5,kgw,2.012460729749911,9.439032554626465,80,1.7616963954642415
12,kgw_d1.5,kgw,3.1304944684998617,12.326088905334473,80,1.7756921257823706
13,kgw_d1.5,kgw,4.6957417027497925,8.481467247009277,80,1.7482224320992827
14,kgw_d1.5,kgw,4.024921459499822,8.029708862304688,80,1.7652880689129233
15,kgw_d1.5,kgw,5.142955198249773,7.2419610023498535,80,1.7845213934779167
16,kgw_d1.5,kgw,2.4596742252498913,13.723610877990723,80,1.7896958347409964
17,kgw_d1.5,kgw,2.6832809729998814,8.445869445800781,80,1.8035787846893072
18,kgw_d1.5,kgw,4.024921459499822,12.276336669921875,80,1.794019184075296
19,kgw_d1.5,kgw,3.801314711749832,14.719016075134277,80,1.7843075646087527
20,kgw_d1.5,kgw,3.354101216249852,12.530774116516113,80,1.886918076314032
21,kgw_d1.5,kgw,4.024921459499822,9.285575866699219,80,1.845831929706037
22,kgw_d1.5,kgw,3.1304944684998617,9.51755142211914,80,1.9133415827527642
23,kgw_d1.5,kgw,3.801314711749832,8.641314506530762,80,1.8531455332413316
24,kgw_d1.5,kgw,3.1304944684998617,8.268370628356934,80,1.845473377034068
25,kgw_d1.5,kgw,2.6832809729998814,5.72574520111084,80,1.8310929909348488
26,kgw_d1.5,kgw,3.577707963999842,11.35118579864502,80,1.8273368682712317
27,kgw_d1.5,kgw,4.6957417027497925,5.538966178894043,80,1.8201691443100572
28,kgw_d1.5,kgw,2.9068877207498716,8.641905784606934,80,1.7938777292147279
29,kgw_d1.5,kgw,3.1304944684998617,6.264317512512207,80,1.8214620994403958
30,kgw_d1.5,kgw,5.142955198249773,11.072325706481934,80,1.7326974356546998
31,kgw_d1.5,kgw,3.801314711749832,12.24345874786377,80,1.7808644426986575
32,kgw_d1.5,kgw,4.6957417027497925,6.413687705993652,80,1.7668393813073635
33,kgw_d1.5,kgw,4.919348450499783,18.99397087097168,80,1.7960251634940505
34,kgw_d1.5,kgw,6.037382189249733,13.669648170471191,80,1.8373420126736164
35,kgw_d1.5,kgw,5.590168693749753,11.644139289855957,80,1.7635860051959753
36,kgw_d1.5,kgw,5.366561945999763,11.268364906311035,80,1.8369794264435768
37,kgw_d1.5,kgw,3.801314711749832,8.707263946533203,80,1.7636590972542763
38,kgw_d1.5,kgw,4.248528207249812,9.921136856079102,80,1.776998762972653
39,kgw_d1.5,kgw,3.354101216249852,10.377327919006348,80,1.8039580127224326
40,kgw_d1.5,kgw,2.6832809729998814,12.35759162902832,80,1.7292235605418682
41,kgw_d1.5,kgw,4.6957417027497925,6.438016891479492,80,1.819412830285728
42,kgw_d1.5,kgw,5.590168693749753,13.122613906860352,80,1.8211911907419562
43,kgw_d1.5,kgw,2.012460729749911,9.499189376831055,80,1.7921818643808365
44,kgw_d1.5,kgw,4.472134954999802,19.946561813354492,80,1.7962151477113366
45,kgw_d1.5,kgw,5.366561945999763,12.748003005981445,80,1.8247997034341097
46,kgw_d1.5,kgw,5.142955198249773,11.245889663696289,80,1.7847457183524966
47,kgw_d1.5,kgw,4.472134954999802,20.724014282226562,80,1.8499444825574756
48,kgw_d1.5,kgw,6.260988936999723,17.92988395690918,80,1.7806710069999099
49,kgw_d1.5,kgw,4.919348450499783,12.188118934631348,80,1.7673617396503687
50,kgw_d1.5,kgw,3.354101216249852,10.743247032165527,80,1.7804904654622078
51,kgw_d1.5,kgw,4.024921459499822,8.054388999938965,80,1.8708427418023348
52,kgw_d1.5,kgw,4.248528207249812,16.568967819213867,80,1.7568879211321473
53,kgw_d1.5,kgw,3.801314711749832,9.48043441772461,80,1.7779465345665812
54,kgw_d1.5,kgw,4.919348450499783,8.200119018554688,80,1.728615403175354
55,kgw_d1.5,kgw,4.248528207249812,12.646566390991211,80,1.7237439593300223
56,kgw_d1.5,kgw,4.024921459499822,14.976662635803223,80,1.7149807000532746
57,kgw_d1.5,kgw,4.248528207249812,13.20358943939209,80,1.7469660099595785
58,kgw_d1.5,kgw,4.248528207249812,10.303145408630371,80,1.6958699291571975
59,kgw_d1.5,kgw,5.590168693749753,8.075865745544434,80,1.804047784768045
60,kgw_d1.5,kgw,4.919348450499783,14.84542465209961,80,1.803283816203475
61,kgw_d1.5,kgw,4.6957417027497925,10.22712516784668,80,1.6963557256385684
62,kgw_d1.5,kgw,3.577707963999842,6.751245975494385,80,1.661353793926537
63,kgw_d1.5,kgw,6.037382189249733,15.25208854675293,80,1.7116942144930363
64,kgw_d1.5,kgw,3.801314711749832,12.173754692077637,80,1.733262444846332
65,kgw_d1.5,kgw,4.6957417027497925,13.716986656188965,80,1.6878325762227178
66,kgw_d1.5,kgw,3.577707963999842,8.054500579833984,80,1.605386484414339
67,kgw_d1.5,kgw,3.577707963999842,11.347901344299316,80,1.6565132178366184
68,kgw_d1.5,kgw,3.577707963999842,16.095287322998047,80,1.652647684328258
69,kgw_d1.5,kgw,3.577707963999842,10.098904609680176,80,1.6707732565701008
70,kgw_d1.5,kgw,2.6832809729998814,18.18086051940918,80,1.701430126093328
71,kgw_d1.5,kgw,3.577707963999842,9.658224105834961,80,1.6406175969168544
72,kgw_d1.5,kgw,4.472134954999802,9.533500671386719,80,1.5943903690204024
73,kgw_d1.5,kgw,4.6957417027497925,12.541519165039062,80,1.6721331104636192
74,kgw_d1.5,kgw,4.024921459499822,5.590695381164551,80,1.646966359578073
75,kgw_d1.5,kgw,4.024921459499822,9.753680229187012,80,1.6026600571349263
76,kgw_d1.5,kgw,4.248528207249812,7.494968414306641,80,1.5972841987386346
77,kgw_d1.5,kgw,1.788853981999921,8.495490074157715,80,1.6031200271099806
78,kgw_d1.5,kgw,2.236067477499901,5.102105140686035,80,1.6351224714890122
79,kgw_d1.5,kgw,3.354101216249852,9.103556632995605,80,1.762566113844514
80,kgw_d1.5,kgw,3.801314711749832,9.279254913330078,80,1.6908741211518645
81,kgw_d1.5,kgw,3.801314711749832,8.24182415008545,80,1.636995061300695
82,kgw_d1.5,kgw,4.6957417027497925,10.840773582458496,80,1.6489393040537834
83,kgw_d1.5,kgw,4.6957417027497925,15.942620277404785,80,1.620515056885779
84,kgw_d1.5,kgw,2.4596742252498913,16.79571533203125,80,1.6263677906244993
85,kgw_d1.5,kgw,3.354101216249852,14.060657501220703,80,1.6717598140239716
86,kgw_d1.5,kgw,3.801314711749832,10.119802474975586,80,1.6104736244305968
87,kgw_d1.5,kgw,3.1304944684998617,9.84819221496582,80,1.6194525165483356
88,kgw_d1.5,kgw,4.248528207249812,6.406435012817383,80,1.5929829217493534
89,kgw_d1.5,kgw,1.788853981999921,4.956808567047119,80,1.5900881169363856
90,kgw_d1.5,kgw,4.024921459499822,11.91818618774414,80,1.585056602023542
91,kgw_d1.5,kgw,4.6957417027497925,11.287631034851074,80,1.59872542694211
92,kgw_d1.5,kgw,4.6957417027497925,4.444811820983887,80,1.5909529132768512
93,kgw_d1.5,kgw,3.801314711749832,12.84994125366211,80,1.5782300531864166
94,kgw_d1.5,kgw,5.590168693749753,15.104677200317383,80,1.6130346124991775
95,kgw_d1.5,kgw,4.472134954999802,10.904812812805176,80,1.5724977161735296
96,kgw_d1.5,kgw,4.919348450499783,12.725798606872559,80,1.627660064958036
97,kgw_d1.5,kgw,5.813775441499743,21.347396850585938,80,1.7111364547163248
98,kgw_d1.5,kgw,5.366561945999763,15.900404930114746,80,1.6445140512660146
99,kgw_d1.5,kgw,6.037382189249733,20.732406616210938,80,1.6503507252782583
0,kgw_d2.0,kgw,5.590168693749753,13.964545249938965,80,1.6861862055957317
1,kgw_d2.0,kgw,5.590168693749753,14.13404655456543,80,1.67258121073246
2,kgw_d2.0,kgw,3.577707963999842,5.508110046386719,80,1.6316652279347181
3,kgw_d2.0,kgw,5.366561945999763,6.219441890716553,80,1.6277193976566195
4,kgw_d2.0,kgw,4.024921459499822,5.368289470672607,80,1.634900838136673
5,kgw_d2.0,kgw,5.590168693749753,10.479970932006836,80,1.6725094746798277
6,kgw_d2.0,kgw,5.366561945999763,7.406406402587891,80,1.8063969425857067
7,kgw_d2.0,kgw,5.142955198249773,11.960905075073242,80,1.7149139372631907
8,kgw_d2.0,kgw,5.366561945999763,14.577880859375,80,1.693559231236577
9,kgw_d2.0,kgw,4.919348450499783,9.313945770263672,80,1.6899351477622986
10,kgw_d2.0,kgw,4.024921459499822,8.95809268951416,80,1.6753382999449968
11,kgw_d2.0,kgw,6.037382189249733,11.791646003723145,80,1.6503871213644743
12,kgw_d2.0,kgw,5.142955198249773,14.747483253479004,80,1.7212741216644645
13,kgw_d2.0,kgw,4.6957417027497925,10.560486793518066,80,1.7368344468995929
14,kgw_d2.0,kgw,5.590168693749753,11.848548889160156,80,1.664746232330799
15,kgw_d2.0,kgw,4.024921459499822,8.072010040283203,80,1.701779299415648
16,kgw_d2.0,kgw,6.931809180249694,15.075237274169922,80,1.6944342460483313
17,kgw_d2.0,kgw,4.919348450499783,12.49577522277832,80,1.66745510045439
18,kgw_d2.0,kgw,4.248528207249812,10.578933715820312,80,1.72142783831805
19,kgw_d2.0,kgw,5.813775441499743,9.549613952636719,80,1.7231557285413146
20,kgw_d2.0,kgw,4.024921459499822,9.420469284057617,80,1.7388779763132334
21,kgw_d2.0,kgw,6.4845956847497135,19.305063247680664,80,1.7651538262143731
22,kgw_d2.0,kgw,5.366561945999763,16.207765579223633,80,1.764103366062045
23,kgw_d2.0,kgw,5.590168693749753,17.114181518554688,80,1.6954970061779022
24,kgw_d2.0,kgw,3.801314711749832,8.805601119995117,80,1.7142143491655588
25,kgw_d2.0,kgw,4.919348450499783,9.111658096313477,80,1.7375770872458816
26,kgw_d2.0,kgw,5.142955198249773,10.053441047668457,80,1.665772465057671
27,kgw_d2.0,kgw,4.919348450499783,9.065458297729492,80,1.6382490657269955
28,kgw_d2.0,kgw,5.142955198249773,18.46590805053711,80,1.7141393292695284
29,kgw_d2.0,kgw,7.379022675749674,22.548364639282227,80,1.6953069679439068
30,kgw_d2.0,kgw,5.813775441499743,12.568431854248047,80,1.663887770846486
31,kgw_d2.0,kgw,5.142955198249773,10.361194610595703,80,1.6528063705191016
32,kgw_d2.0,kgw,4.248528207249812,9.500749588012695,80,1.6730825016275048
33,kgw_d2.0,kgw,4.024921459499822,12.443092346191406,80,1.7579619903117418
34,kgw_d2.0,kgw,4.248528207249812,16.983964920043945,80,1.8387362770736217
35,kgw_d2.0,kgw,5.813775441499743,19.261571884155273,80,1.7440586546435952
36,kgw_d2.0,kgw,6.037382189249733,7.042006492614746,80,1.811163803562522
37,kgw_d2.0,kgw,5.142955198249773,10.112508773803711,80,1.7640262031927705
38,kgw_d2.0,kgw,4.919348450499783,14.711291313171387,80,1.758422234095633
39,kgw_d2.0,kgw,4.919348450499783,8.851034164428711,80,1.7845172444358468
40,kgw_d2.0,kgw,5.142955198249773,19.881410598754883,80,2.0340599501505494
41,kgw_d2.0,kgw,6.260988936999723,24.85429573059082,80,2.0787421576678753
42,kgw_d2.0,kgw,3.801314711749832,7.3204121589660645,80,1.7261716723442078
43,kgw_d2.0,kgw,6.708202432499704,26.084239959716797,80,1.7555085541680455
44,kgw_d2.0,kgw,5.813775441499743,14.004150390625,80,1.7148631755262613
45,kgw_d2.0,kgw,4.024921459499822,7.22694206237793,80,1.7224605800583959
46,kgw_d2.0,kgw,5.142955198249773,13.987039566040039,80,1.734030636958778
47,kgw_d2.0,kgw,6.260988936999723,15.39526653289795,80,1.772190093062818
48,kgw_d2.0,kgw,6.708202432499704,14.66025161743164,80,1.733148437924683
49,kgw_d2.0,kgw,6.708202432499704,12.848225593566895,80,1.6787422820925713
50,kgw_d2.0,kgw,6.4845956847497135,24.865449905395508,80,1.7283927043899894
51,kgw_d2.0,kgw,4.472134954999802,11.31540298461914,80,1.6793091529980302
52,kgw_d2.0,kgw,4.919348450499783,10.588024139404297,80,1.6800997173413634
53,kgw_d2.0,kgw,5.590168693749753,10.166044235229492,80,1.6684422865509987
54,kgw_d2.0,kgw,4.248528207249812,9.765593528747559,80,1.686111862771213
55,kgw_d2.0,kgw,4.248528207249812,15.88903522491455,80,1.6635635495185852
56,kgw_d2.0,kgw,5.366561945999763,20.70374870300293,80,1.7166908280923963
57,kgw_d2.0,kgw,3.354101216249852,7.887203216552734,80,1.7243997445330024
58,kgw_d2.0,kgw,4.472134954999802,7.198322296142578,80,1.7038679393008351
59,kgw_d2.0,kgw,5.813775441499743,12.465335845947266,80,1.7235032627359033
60,kgw_d2.0,kgw,4.248528207249812,14.550227165222168,80,1.7593398308381438
61,kgw_d2.0,kgw,5.366561945999763,10.991493225097656,80,1.6047471091151237
62,kgw_d2.0,kgw,5.813775441499743,18.236263275146484,80,1.6798735680058599
63,kgw_d2.0,kgw,5.590168693749753,9.64620304107666,80,1.6627326468005776
64,kgw_d2.0,kgw,6.4845956847497135,13.757664680480957,80,1.782760564237833
65,kgw_d2.0,kgw,4.919348450499783,8.8179931640625,80,1.8077693730592728
66,kgw_d2.0,kgw,5.142955198249773,9.000418663024902,80,1.8120832527056336
67,kgw_d2.0,kgw,5.142955198249773,7.178274154663086,80,1.8658168073743582
68,kgw_d2.0,kgw,4.248528207249812,9.995047569274902,80,1.9207300040870905
69,kgw_d2.0,kgw,6.037382189249733,14.096250534057617,80,2.219385669566691
70,kgw_d2.0,kgw,4.248528207249812,7.3169026374816895,80,1.794915328733623
71,kgw_d2.0,kgw,5.590168693749753,13.984969139099121,80,1.7436854857951403
72,kgw_d2.0,kgw,4.024921459499822,7.858870506286621,80,1.7606260776519775
73,kgw_d2.0,kgw,5.813775441499743,10.654499053955078,80,1.7452592328190804
74,kgw_d2.0,kgw,5.813775441499743,12.261347770690918,80,1.751777833327651
75,kgw_d2.0,kgw,3.354101216249852,14.510954856872559,80,1.7495185658335686
76,kgw_d2.0,kgw,6.931809180249694,13.798749923706055,80,1.7882494237273932
77,kgw_d2.0,kgw,4.248528207249812,10.283002853393555,80,1.7511764876544476
78,kgw_d2.0,kgw,5.590168693749753,15.93818473815918,80,1.7375822272151709
79,kgw_d2.0,kgw,5.813775441499743,11.191664695739746,80,1.7365142395719886
80,kgw_d2.0,kgw,5.590168693749753,10.807225227355957,80,1.7389604598283768
81,kgw_d2.0,kgw,4.6957417027497925,8.499610900878906,80,1.7347482107579708
82,kgw_d2.0,kgw,6.4845956847497135,24.793100357055664,80,1.7296237964183092
83,kgw_d2.0,kgw,5.142955198249773,8.778677940368652,80,1.731002850458026
84,kgw_d2.0,kgw,4.919348450499783,14.3468017578125,80,1.8165244711562991
85,kgw_d2.0,kgw,6.4845956847497135,22.842090606689453,80,1.785081960260868
86,kgw_d2.0,kgw,3.577707963999842,8.509389877319336,80,1.7718713693320751
87,kgw_d2.0,kgw,3.577707963999842,8.699109077453613,80,1.734234930947423
88,kgw_d2.0,kgw,5.142955198249773,16.815580368041992,80,1.7663449794054031
89,kgw_d2.0,kgw,6.260988936999723,10.132381439208984,80,1.762208215892315
90,kgw_d2.0,kgw,6.4845956847497135,10.80321979522705,80,1.75278474483639
91,kgw_d2.0,kgw,4.472134954999802,11.396141052246094,80,1.7373397490009665
92,kgw_d2.0,kgw,5.366561945999763,10.613001823425293,80,1.7445987472310662
93,kgw_d2.0,kgw,4.248528207249812,9.24586296081543,80,1.75717961974442
94,kgw_d2.0,kgw,5.366561945999763,7.4724225997924805,80,1.733144886791706
95,kgw_d2.0,kgw,4.472134954999802,6.488808631896973,80,1.693029840476811
96,kgw_d2.0,kgw,4.919348450499783,10.164704322814941,80,1.6731835026293993
97,kgw_d2.0,kgw,4.248528207249812,18.83405303955078,80,1.6761285299435258
98,kgw_d2.0,kgw,5.590168693749753,11.704781532287598,80,1.683082745410502
99,kgw_d2.0,kgw,4.472134954999802,8.887691497802734,80,1.6468963799998164
0,kgw_d2.5,kgw,7.379022675749674,16.750917434692383,80,1.6360773742198944
1,kgw_d2.5,kgw,5.590168693749753,11.134490966796875,80,1.6526232939213514
2,kgw_d2.5,kgw,6.708202432499704,18.345327377319336,80,2.1295097284018993
3,kgw_d2.5,kgw,5.590168693749753,7.205093860626221,80,1.6986791649833322
4,kgw_d2.5,kgw,4.248528207249812,8.716570854187012,80,1.6298645893111825
5,kgw_d2.5,kgw,6.037382189249733,11.853211402893066,80,1.662959079258144
6,kgw_d2.5,kgw,5.813775441499743,10.344965934753418,80,1.6221563871949911
7,kgw_d2.5,kgw,6.708202432499704,11.405970573425293,80,1.5817579897120595
8,kgw_d2.5,kgw,6.708202432499704,13.215925216674805,80,1.6063803974539042
9,kgw_d2.5,kgw,5.813775441499743,13.878826141357422,80,1.6138638695701957
10,kgw_d2.5,kgw,5.366561945999763,9.930548667907715,80,1.6108936667442322
11,kgw_d2.5,kgw,5.366561945999763,7.792233467102051,80,1.6236106008291245
12,kgw_d2.5,kgw,5.813775441499743,7.180385589599609,80,1.614333363249898
13,kgw_d2.5,kgw,5.366561945999763,10.052398681640625,80,1.6361962612718344
14,kgw_d2.5,kgw,6.4845956847497135,7.722139835357666,80,1.7109681013971567
15,kgw_d2.5,kgw,6.708202432499704,11.781571388244629,80,1.661586320027709
16,kgw_d2.5,kgw,6.037382189249733,11.885409355163574,80,1.621787535957992
17,kgw_d2.5,kgw,6.037382189249733,11.05041217803955,80,1.6538280686363578
18,kgw_d2.5,kgw,6.931809180249694,11.399638175964355,80,1.6072114640846848
19,kgw_d2.5,kgw,6.037382189249733,11.218788146972656,80,1.59153051674366
20,kgw_d2.5,kgw,7.155415927999684,7.660111427307129,80,1.6527152676135302
21,kgw_d2.5,kgw,5.590168693749753,13.858372688293457,80,1.628613794222474
22,kgw_d2.5,kgw,4.472134954999802,8.981642723083496,80,1.625425172969699
23,kgw_d2.5,kgw,6.260988936999723,23.069683074951172,80,1.6589985257014632
24,kgw_d2.5,kgw,5.590168693749753,13.766412734985352,80,1.6610934948548675
25,kgw_d2.5,kgw,6.4845956847497135,10.35876178741455,80,1.6247400902211666
26,kgw_d2.5,kgw,3.801314711749832,12.548562049865723,80,1.6677462588995695
27,kgw_d2.5,kgw,6.260988936999723,10.945293426513672,80,1.6593808336183429
28,kgw_d2.5,kgw,5.813775441499743,12.475631713867188,80,1.6475393455475569
29,kgw_d2.5,kgw,6.931809180249694,13.636678695678711,80,1.710156574845314
30,kgw_d2.5,kgw,4.472134954999802,9.805752754211426,80,1.6982072731480002
31,kgw_d2.5,kgw,6.931809180249694,20.254724502563477,80,1.6300679072737694
32,kgw_d2.5,kgw,4.472134954999802,9.677817344665527,80,1.6655857851728797
33,kgw_d2.5,kgw,7.379022675749674,15.434219360351562,80,1.64187581371516
34,kgw_d2.5,kgw,6.4845956847497135,12.51082706451416,80,1.612132653594017
35,kgw_d2.5,kgw,6.708202432499704,9.410861015319824,80,1.6501136422157288
36,kgw_d2.5,kgw,7.155415927999684,19.0930118560791,80,1.6913262223824859
37,kgw_d2.5,kgw,5.142955198249773,8.308876037597656,80,1.6152173010632396
38,kgw_d2.5,kgw,6.931809180249694,20.18075180053711,80,1.5663867956027389
39,kgw_d2.5,kgw,4.919348450499783,8.170211791992188,80,1.6203519394621253
40,kgw_d2.5,kgw,7.826236171249654,31.31783103942871,80,1.5932660661637783
41,kgw_d2.5,kgw,6.931809180249694,15.10655689239502,80,1.6360772792249918
42,kgw_d2.5,kgw,6.708202432499704,16.57366943359375,80,1.6348745888099074
43,kgw_d2.5,kgw,6.037382189249733,26.99471092224121,80,1.6313038878142834
44,kgw_d2.5,kgw,6.4845956847497135,25.04222297668457,80,1.6351648103445768
45,kgw_d2.5,kgw,5.142955198249773,14.305848121643066,80,1.6077900677919388
46,kgw_d2.5,kgw,6.931809180249694,20.981639862060547,80,1.6024428429082036
47,kgw_d2.5,kgw,6.037382189249733,24.36020851135254,80,1.6282284427434206
48,kgw_d2.5,kgw,7.155415927999684,20.312915802001953,80,1.6502404427155852
49,kgw_d2.5,kgw,2.4596742252498913,4.637735843658447,80,1.603205063380301
50,kgw_d2.5,kgw,6.4845956847497135,11.848836898803711,80,1.6438773963600397
51,kgw_d2.5,kgw,3.577707963999842,13.242319107055664,80,1.625079351477325
52,kgw_d2.5,kgw,6.037382189249733,14.384243965148926,80,1.6151045002043247
53,kgw_d2.5,kgw,5.142955198249773,8.613334655761719,80,1.6288150595501065
54,kgw_d2.5,kgw,6.260988936999723,16.140729904174805,80,1.6184563050046563
55,kgw_d2.5,kgw,6.4845956847497135,30.1185302734375,80,1.6247237520292401
56,kgw_d2.5,kgw,7.155415927999684,11.739568710327148,80,1.632051806896925
57,kgw_d2.5,kgw,6.931809180249694,11.991097450256348,80,1.594522189348936
58,kgw_d2.5,kgw,6.931809180249694,11.594927787780762,80,1.5929468180984259
59,kgw_d2.5,kgw,5.142955198249773,16.13898277282715,80,1.6085162069648504
60,kgw_d2.5,kgw,6.037382189249733,10.731578826904297,80,1.5870022177696228
61,kgw_d2.5,kgw,7.602629423499664,15.26916790008545,80,1.6063600964844227
62,kgw_d2.5,kgw,5.142955198249773,12.239124298095703,80,1.5969224013388157
63,kgw_d2.5,kgw,6.037382189249733,12.175633430480957,80,1.609168472699821
64,kgw_d2.5,kgw,6.4845956847497135,10.944554328918457,80,1.5804923102259636
65,kgw_d2.5,kgw,4.248528207249812,9.580991744995117,80,1.5880917757749557
66,kgw_d2.5,kgw,4.6957417027497925,5.923580646514893,80,1.5660798903554678
67,kgw_d2.5,kgw,5.142955198249773,11.628445625305176,80,1.706860807724297
68,kgw_d2.5,kgw,7.155415927999684,14.410890579223633,80,1.6753947883844376
69,kgw_d2.5,kgw,6.4845956847497135,12.214354515075684,80,1.7054282343015075
70,kgw_d2.5,kgw,4.024921459499822,11.296771049499512,80,1.6491392329335213
71,kgw_d2.5,kgw,6.4845956847497135,12.601923942565918,80,1.7201642068102956
72,kgw_d2.5,kgw,6.4845956847497135,19.398807525634766,80,1.6802954515442252
73,kgw_d2.5,kgw,6.931809180249694,16.489871978759766,80,1.6964818108826876
74,kgw_d2.5,kgw,5.590168693749753,14.28957748413086,80,1.6421648440882564
75,kgw_d2.5,kgw,7.155415927999684,10.691012382507324,80,1.6410779943689704
76,kgw_d2.5,kgw,6.037382189249733,15.94955825805664,80,1.5797370076179504
77,kgw_d2.5,kgw,6.037382189249733,9.609457969665527,80,1.56386455334723
78,kgw_d2.5,kgw,4.6957417027497925,7.573338031768799,80,1.6024462766945362
79,kgw_d2.5,kgw,4.472134954999802,8.080507278442383,80,1.6210945909842849
80,kgw_d2.5,kgw,5.366561945999763,9.37890625,80,1.5866054017096758
81,kgw_d2.5,kgw,5.813775441499743,7.560019016265869,80,1.6124125011265278
82,kgw_d2.5,kgw,5.813775441499743,12.587234497070312,80,1.5739344051107764
83,kgw_d2.5,kgw,7.155415927999684,15.186140060424805,80,1.575810925103724
84,kgw_d2.5,kgw,4.472134954999802,12.303750991821289,80,1.5456275725737214
85,kgw_d2.5,kgw,6.931809180249694,11.039609909057617,80,1.6002000076696277
86,kgw_d2.5,kgw,5.813775441499743,9.80804443359375,80,1.575841212645173
87,kgw_d2.5,kgw,3.801314711749832,9.347062110900879,80,1.5998342568054795
88,kgw_d2.5,kgw,7.602629423499664,22.690662384033203,80,1.5970120895653963
89,kgw_d2.5,kgw,5.366561945999763,10.761860847473145,80,1.5818219147622585
90,kgw_d2.5,kgw,6.037382189249733,11.2811918258667,80,1.532403270713985
91,kgw_d2.5,kgw,6.4845956847497135,25.57747459411621,80,1.6073624165728688
92,kgw_d2.5,kgw,6.037382189249733,16.23587989807129,80,1.55462540499866
93,kgw_d2.5,kgw,6.931809180249694,11.106770515441895,80,1.5317383958026767
94,kgw_d2.5,kgw,6.4845956847497135,14.73097038269043,80,1.5447451574727893
95,kgw_d2.5,kgw,5.813775441499743,8.123884201049805,80,1.5541083551943302
96,kgw_d2.5,kgw,6.260988936999723,16.126800537109375,80,1.6301596788689494
97,kgw_d2.5,kgw,4.6957417027497925,11.939117431640625,80,1.6178668607026339
98,kgw_d2.5,kgw,5.142955198249773,11.253458976745605,80,1.5787989059463143
99,kgw_d2.5,kgw,4.472134954999802,9.68539810180664,80,1.6317305667325854
0,kgw_d3.0,kgw,6.931809180249694,16.961101531982422,80,1.6636630157008767
1,kgw_d3.0,kgw,6.931809180249694,15.753929138183594,80,1.6714230366051197
2,kgw_d3.0,kgw,6.037382189249733,10.021783828735352,80,1.602018822915852
3,kgw_d3.0,kgw,6.260988936999723,9.314620971679688,80,1.6329962573945522
4,kgw_d3.0,kgw,6.037382189249733,9.587018966674805,80,1.5871795862913132
5,kgw_d3.0,kgw,8.049842918999644,21.457233428955078,80,1.6376935001462698
6,kgw_d3.0,kgw,6.037382189249733,8.800755500793457,80,1.6408126624301076
7,kgw_d3.0,kgw,6.931809180249694,10.618536949157715,80,1.5773081788793206
8,kgw_d3.0,kgw,6.260988936999723,6.441740989685059,80,1.614792545326054
9,kgw_d3.0,kgw,5.813775441499743,13.991275787353516,80,1.6521533597260714
10,kgw_d3.0,kgw,6.708202432499704,12.952611923217773,80,1.582516871392727
11,kgw_d3.0,kgw,7.379022675749674,13.451220512390137,80,1.6167988330125809
12,kgw_d3.0,kgw,6.037382189249733,9.982563018798828,80,1.6448978781700134
13,kgw_d3.0,kgw,7.379022675749674,9.543639183044434,80,1.596710384823382
14,kgw_d3.0,kgw,6.931809180249694,8.192182540893555,80,1.5973255932331085
15,kgw_d3.0,kgw,6.931809180249694,12.870199203491211,80,1.6593430992215872
16,kgw_d3.0,kgw,4.919348450499783,9.150382041931152,80,1.6468256870284677
17,kgw_d3.0,kgw,5.590168693749753,9.022987365722656,80,1.6575359348207712
18,kgw_d3.0,kgw,7.379022675749674,13.531293869018555,80,1.6953037343919277
19,kgw_d3.0,kgw,6.037382189249733,13.150439262390137,80,1.6632523508742452
20,kgw_d3.0,kgw,5.590168693749753,13.428670883178711,80,1.6704918127506971
21,kgw_d3.0,kgw,7.379022675749674,16.682220458984375,80,1.6401044707745314
22,kgw_d3.0,kgw,6.260988936999723,14.064570426940918,80,1.6093376819044352
23,kgw_d3.0,kgw,7.155415927999684,18.145286560058594,80,1.60821742285043
24,kgw_d3.0,kgw,6.4845956847497135,14.041863441467285,80,1.6453132182359695
25,kgw_d3.0,kgw,5.590168693749753,9.263507843017578,80,1.6229481138288975
26,kgw_d3.0,kgw,7.602629423499664,16.665685653686523,80,1.6033807378262281
27,kgw_d3.0,kgw,6.931809180249694,12.036771774291992,80,1.5652690520510077
28,kgw_d3.0,kgw,7.155415927999684,16.806838989257812,80,1.6013986663892865
29,kgw_d3.0,kgw,7.826236171249654,14.035226821899414,80,1.5735751334577799
30,kgw_d3.0,kgw,7.826236171249654,18.14869499206543,80,1.587686376646161
31,kgw_d3.0,kgw,7.155415927999684,17.942859649658203,80,1.6029754094779491
32,kgw_d3.0,kgw,6.260988936999723,12.023188591003418,80,1.5647978791967034
33,kgw_d3.0,kgw,6.708202432499704,20.05400848388672,80,1.6116452645510435
34,kgw_d3.0,kgw,7.155415927999684,20.253690719604492,80,1.6345740826800466
35,kgw_d3.0,kgw,6.4845956847497135,10.185765266418457,80,1.6107474500313401
36,kgw_d3.0,kgw,8.049842918999644,13.348398208618164,80,1.5626865280792117
37,kgw_d3.0,kgw,7.155415927999684,15.131552696228027,80,1.5810815207660198
38,kgw_d3.0,kgw,6.4845956847497135,10.892475128173828,80,1.6071372581645846
39,kgw_d3.0,kgw,7.379022675749674,13.987136840820312,80,1.5897303810343146
40,kgw_d3.0,kgw,5.813775441499743,15.476480484008789,80,1.6097883861511946
41,kgw_d3.0,kgw,8.273449666749634,19.585222244262695,80,1.6135842576622963
42,kgw_d3.0,kgw,7.155415927999684,16.58504295349121,80,1.5732896709814668
43,kgw_d3.0,kgw,7.155415927999684,29.965524673461914,80,1.6148738227784634
44,kgw_d3.0,kgw,8.049842918999644,20.74338150024414,80,1.6434604236856103
45,kgw_d3.0,kgw,7.602629423499664,15.885380744934082,80,1.585378852672875
46,kgw_d3.0,kgw,7.155415927999684,25.8478946685791,80,1.652816766873002
47,kgw_d3.0,kgw,7.379022675749674,29.38851547241211,80,1.5745069710537791
48,kgw_d3.0,kgw,7.826236171249654,20.91371726989746,80,1.5635828403756022
49,kgw_d3.0,kgw,6.037382189249733,13.011869430541992,80,1.5608931984752417
50,kgw_d3.0,kgw,6.708202432499704,12.24234390258789,80,1.5256287604570389
51,kgw_d3.0,kgw,7.379022675749674,8.674635887145996,80,1.4914410402998328
52,kgw_d3.0,kgw,7.379022675749674,18.769227981567383,80,1.5063665574416518
53,kgw_d3.0,kgw,8.049842918999644,19.83428382873535,80,1.5448352936655283
54,kgw_d3.0,kgw,7.155415927999684,11.790029525756836,80,1.5237386273220181
55,kgw_d3.0,kgw,6.260988936999723,20.074905395507812,80,1.473168920725584
56,kgw_d3.0,kgw,6.4845956847497135,12.028131484985352,80,1.5388662246987224
57,kgw_d3.0,kgw,5.813775441499743,13.1957368850708,80,1.5602415017783642
58,kgw_d3.0,kgw,6.260988936999723,9.641487121582031,80,1.5049548437818885
59,kgw_d3.0,kgw,6.931809180249694,18.245601654052734,80,1.5974140586331487
60,kgw_d3.0,kgw,6.4845956847497135,21.728321075439453,80,1.6737056029960513
61,kgw_d3.0,kgw,7.602629423499664,16.856355667114258,80,1.6527207903563976
62,kgw_d3.0,kgw,5.590168693749753,8.412025451660156,80,1.6820465717464685
63,kgw_d3.0,kgw,6.931809180249694,12.186177253723145,80,1.6876236321404576
64,kgw_d3.0,kgw,4.919348450499783,11.75598430633545,80,1.6152293011546135
65,kgw_d3.0,kgw,7.379022675749674,15.806029319763184,80,1.6627346957102418
66,kgw_d3.0,kgw,6.260988936999723,11.836119651794434,80,1.671943441964686
67,kgw_d3.0,kgw,6.708202432499704,14.903740882873535,80,1.6273101288825274
68,kgw_d3.0,kgw,6.260988936999723,13.490087509155273,80,1.7154978951439261
69,kgw_d3.0,kgw,6.4845956847497135,17.12827491760254,80,1.7143046502023935
70,kgw_d3.0,kgw,5.366561945999763,10.366667747497559,80,1.6880766013637185
71,kgw_d3.0,kgw,6.260988936999723,15.718358993530273,80,1.6370089314877987
72,kgw_d3.0,kgw,7.379022675749674,15.493432998657227,80,1.6634228127077222
73,kgw_d3.0,kgw,7.826236171249654,18.378604888916016,80,1.6732614375650883
74,kgw_d3.0,kgw,5.813775441499743,10.056964874267578,80,1.6405434319749475
75,kgw_d3.0,kgw,6.4845956847497135,12.220597267150879,80,1.6158837676048279
76,kgw_d3.0,kgw,6.708202432499704,11.702876091003418,80,1.6577773103490472
77,kgw_d3.0,kgw,5.813775441499743,8.789773941040039,80,1.635516146197915
78,kgw_d3.0,kgw,6.931809180249694,17.13109016418457,80,1.6603158749639988
79,kgw_d3.0,kgw,6.931809180249694,16.144805908203125,80,1.5985464621335268
80,kgw_d3.0,kgw,6.260988936999723,10.911513328552246,80,1.6222281558439136
81,kgw_d3.0,kgw,6.037382189249733,11.026165962219238,80,1.6082496512681246
82,kgw_d3.0,kgw,6.260988936999723,15.240663528442383,80,1.6134707173332572
83,kgw_d3.0,kgw,6.708202432499704,14.33141040802002,80,1.612433492206037
84,kgw_d3.0,kgw,7.826236171249654,31.861658096313477,80,1.6394897531718016
85,kgw_d3.0,kgw,7.155415927999684,12.119001388549805,80,1.6000119401142001
86,kgw_d3.0,kgw,6.4845956847497135,10.767523765563965,80,1.6498175440356135
87,kgw_d3.0,kgw,5.366561945999763,10.31893539428711,80,1.7104708179831505
88,kgw_d3.0,kgw,6.260988936999723,12.697244644165039,80,1.6676511615514755
89,kgw_d3.0,kgw,7.602629423499664,16.075166702270508,80,1.6743453480303288
90,kgw_d3.0,kgw,7.826236171249654,19.034244537353516,80,1.724675653502345
91,kgw_d3.0,kgw,8.720663162249615,27.57335090637207,80,1.648109178058803
92,kgw_d3.0,kgw,7.155415927999684,7.836033344268799,80,1.572944425046444
93,kgw_d3.0,kgw,6.037382189249733,10.697000503540039,80,1.6977086728438735
94,kgw_d3.0,kgw,7.155415927999684,18.50350570678711,80,1.670799289830029
95,kgw_d3.0,kgw,6.4845956847497135,13.836299896240234,80,1.5908725773915648
96,kgw_d3.0,kgw,6.4845956847497135,18.7382869720459,80,1.6459109028801322
97,kgw_d3.0,kgw,7.602629423499664,20.919002532958984,80,1.6606738213449717
98,kgw_d3.0,kgw,7.379022675749674,18.32158088684082,80,1.7759707318618894
99,kgw_d3.0,kgw,7.379022675749674,14.309770584106445,80,1.7097696010023355
0,unb_a1.5,unbiased,1.3416404864999407,10.111211776733398,80,1.68288339022547
1,unb_a1.5,unbiased,1.3416404864999407,8.360527992248535,80,1.5742167523130774
2,unb_a1.5,unbiased,0.0,6.550588607788086,80,1.656958402134478
3,unb_a1.5,unbiased,2.9068877207498716,4.756168365478516,80,1.7111783623695374
4,unb_a1.5,unbiased,-0.44721349549998024,4.343511581420898,80,1.68621548358351
5,unb_a1.5,unbiased,1.3416404864999407,5.403833866119385,80,1.7685493445023894
6,unb_a1.5,unbiased,0.22360674774999012,7.99883508682251,80,1.8999695600941777
7,unb_a1.5,unbiased,0.44721349549998024,9.208709716796875,80,2.255166333168745
8,unb_a1.5,unbiased,0.6708202432499704,9.794840812683105,80,1.8958961982280016
9,unb_a1.5,unbiased,2.4596742252498913,8.319555282592773,80,1.8882206147536635
10,unb_a1.5,unbiased,0.0,6.397253036499023,80,1.7685776622965932
11,unb_a1.5,unbiased,-0.44721349549998024,9.366874694824219,80,1.8712138356640935
12,unb_a1.5,unbiased,-0.44721349549998024,9.261944770812988,80,1.8763988614082336
13,unb_a1.5,unbiased,0.8944269909999605,9.687108993530273,80,1.9271650733426213
14,unb_a1.5,unbiased,1.3416404864999407,20.751203536987305,80,1.8514062445610762
15,unb_a1.5,unbiased,1.1180337387499506,8.787761688232422,80,1.861854829825461
16,unb_a1.5,unbiased,2.012460729749911,13.479735374450684,80,1.930366426706314
17,unb_a1.5,unbiased,0.8944269909999605,7.956596374511719,80,1.7767151985317469
18,unb_a1.5,unbiased,2.236067477499901,8.325949668884277,80,2.017054846510291
19,unb_a1.5,unbiased,2.6832809729998814,7.77787446975708,80,2.2667051097378135
20,unb_a1.5,unbiased,0.44721349549998024,9.847481727600098,80,2.1158876437693834
21,unb_a1.5,unbiased,1.1180337387499506,11.84967041015625,80,1.8459784528240561
22,unb_a1.5,unbiased,2.012460729749911,6.898680686950684,80,1.865539314225316
23,unb_a1.5,unbiased,1.5652472342499308,13.250393867492676,80,1.7724570147693157
24,unb_a1.5,unbiased,-1.1180337387499506,12.785484313964844,80,1.7720826463773847
25,unb_a1.5,unbiased,1.3416404864999407,10.844430923461914,80,1.7438267823308706
26,unb_a1.5,unbiased,0.44721349549998024,5.858810901641846,80,1.7338569266721606
27,unb_a1.5,unbiased,2.012460729749911,6.44435977935791,80,1.8943829303607345
28,unb_a1.5,unbiased,0.6708202432499704,10.33492660522461,80,1.8967792456969619
29,unb_a1.5,unbiased,3.354101216249852,10.52098560333252,80,1.848700967617333
30,unb_a1.5,unbiased,2.9068877207498716,9.727977752685547,80,1.7979002660140395
31,unb_a1.5,unbiased,1.3416404864999407,8.247579574584961,80,1.7514742882922292
32,unb_a1.5,unbiased,1.788853981999921,10.801556587219238,80,1.7514979504048824
33,unb_a1.5,unbiased,0.0,6.598536968231201,80,1.7256201216951013
34,unb_a1.5,unbiased,0.8944269909999605,13.743171691894531,80,1.8242810936644673
35,unb_a1.5,unbiased,0.8944269909999605,12.319504737854004,80,1.808340317569673
36,unb_a1.5,unbiased,1.788853981999921,10.489544868469238,80,1.8004987007007003
37,unb_a1.5,unbiased,1.1180337387499506,11.727468490600586,80,1.8435258846729994
38,unb_a1.5,unbiased,0.44721349549998024,8.13280200958252,80,1.7223743489012122
39,unb_a1.5,unbiased,1.5652472342499308,7.27414608001709,80,1.7285935338586569
40,unb_a1.5,unbiased,2.012460729749911,5.790942668914795,80,1.6737692533060908
41,unb_a1.5,unbiased,0.22360674774999012,16.91456413269043,80,1.6771948281675577
42,unb_a1.5,unbiased,1.5652472342499308,6.69408655166626,80,1.756571501493454
43,unb_a1.5,unbiased,-0.22360674774999012,11.558403015136719,80,1.864818699657917
44,unb_a1.5,unbiased,0.44721349549998024,12.387157440185547,80,1.797078376635909
45,unb_a1.5,unbiased,2.236067477499901,12.131929397583008,80,1.8094523781910539
46,unb_a1.5,unbiased,2.012460729749911,13.735815048217773,80,1.8164076311513782
47,unb_a1.5,unbiased,3.1304944684998617,12.64043140411377,80,1.667929083108902
48,unb_a1.5,unbiased,0.44721349549998024,7.781000137329102,80,1.6834454778581858
49,unb_a1.5,unbiased,-1.3416404864999407,6.490754127502441,80,1.676286917179823
50,unb_a1.5,unbiased,0.6708202432499704,9.539419174194336,80,1.640583666972816
51,unb_a1.5,unbiased,2.236067477499901,7.770473957061768,80,1.7656600344926119
52,unb_a1.5,unbiased,2.6832809729998814,8.02531623840332,80,1.8124342001974583
53,unb_a1.5,unbiased,2.236067477499901,6.788617134094238,80,1.6808365546166897
54,unb_a1.5,unbiased,2.6832809729998814,14.856542587280273,80,1.6703535122796893
55,unb_a1.5,unbiased,3.577707963999842,9.330238342285156,80,1.6667348118498921
56,unb_a1.5,unbiased,1.1180337387499506,10.922408103942871,80,1.6092094397172332
57,unb_a1.5,unbiased,0.6708202432499704,10.284585952758789,80,1.723466632887721
58,unb_a1.5,unbiased,1.3416404864999407,5.954747676849365,80,1.7788842376321554
59,unb_a1.5,unbiased,0.0,11.180038452148438,80,1.8052023332566023
60,unb_a1.5,unbiased,2.012460729749911,9.532282829284668,80,1.8041223576292396
61,unb_a1.5,unbiased,1.1180337387499506,10.702962875366211,80,1.7694749617949128
62,unb_a1.5,unbiased,1.1180337387499506,7.649582386016846,80,1.744247199036181
63,unb_a1.5,unbiased,1.788853981999921,9.3003568649292,80,1.7222120966762304
64,unb_a1.5,unbiased,0.8944269909999605,10.254100799560547,80,1.6717274636030197
65,unb_a1.5,unbiased,0.22360674774999012,7.823451042175293,80,1.8141823969781399
66,unb_a1.5,unbiased,1.5652472342499308,5.204044818878174,80,1.7562428563833237
67,unb_a1.5,unbiased,2.012460729749911,15.008529663085938,80,1.7255883049219847
68,unb_a1.5,unbiased,1.788853981999921,11.161803245544434,80,1.784228751435876
69,unb_a1.5,unbiased,-0.44721349549998024,10.219047546386719,80,1.699819140136242
70,unb_a1.5,unbiased,0.6708202432499704,7.604635715484619,80,1.6477620415389538
71,unb_a1.5,unbiased,-0.44721349549998024,9.508254051208496,80,1.6207809019833803
72,unb_a1.5,unbiased,-0.8944269909999605,6.10919713973999,80,1.6286188140511513
73,unb_a1.5,unbiased,0.6708202432499704,10.9490966796875,80,1.7695480901747942
74,unb_a1.5,unbiased,0.44721349549998024,7.781363487243652,80,1.7698029791936278
75,unb_a1.5,unbiased,0.8944269909999605,9.83202838897705,80,1.8670876063406467
76,unb_a1.5,unbiased,1.5652472342499308,29.8082275390625,80,1.8405087515711784
77,unb_a1.5,unbiased,2.236067477499901,7.079726219177246,80,1.8347163321450353
78,unb_a1.5,unbiased,3.1304944684998617,7.824721336364746,80,1.7723752735182643
79,unb_a1.5,unbiased,0.8944269909999605,7.916609764099121,80,1.6815520031377673
80,unb_a1.5,unbiased,2.012460729749911,7.814719200134277,80,1.79734399728477
81,unb_a1.5,unbiased,0.0,7.1161909103393555,80,1.7493007145822048
82,unb_a1.5,unbiased,1.1180337387499506,8.752066612243652,80,1.7672369834035635
83,unb_a1.5,unbiased,-0.22360674774999012,8.59206485748291,80,1.7711384501308203
84,unb_a1.5,unbiased,0.0,18.621248245239258,80,1.7780670262873173
85,unb_a1.5,unbiased,0.6708202432499704,15.098909378051758,80,1.8660072982311249
86,unb_a1.5,unbiased,1.3416404864999407,17.058822631835938,80,1.815156940370798
87,unb_a1.5,unbiased,1.788853981999921,10.069189071655273,80,1.839129477739334
88,unb_a1.5,unbiased,0.22360674774999012,9.053385734558105,80,1.8860351191833615
89,unb_a1.5,unbiased,0.0,5.34293270111084,80,1.7859273292124271
90,unb_a1.5,unbiased,1.3416404864999407,8.364703178405762,80,1.7642539348453283
91,unb_a1.5,unbiased,0.8944269909999605,9.944609642028809,80,1.8299051644280553
92,unb_a1.5,unbiased,1.788853981999921,9.606901168823242,80,1.8639829261228442
93,unb_a1.5,unbiased,2.236067477499901,11.955525398254395,80,1.8406454008072615
94,unb_a1.5,unbiased,1.3416404864999407,11.56125545501709,80,1.8648330243304372
95,unb_a1.5,unbiased,-1.3416404864999407,5.121917247772217,80,1.8083804193884134
96,unb_a1.5,unbiased,1.5652472342499308,11.007359504699707,80,1.664715095423162
97,unb_a1.5,unbiased,2.012460729749911,8.82451057434082,80,1.7661266792565584
98,unb_a1.5,unbiased,2.6832809729998814,11.80609130859375,80,1.7348942989483476
99,unb_a1.5,unbiased,1.5652472342499308,6.309744834899902,80,1.6751400185748935
0,unb_a2.0,unbiased,1.5652472342499308,17.373886108398438,80,1.7746869008988142
1,unb_a2.0,unbiased,0.8944269909999605,9.650042533874512,80,1.7505774404853582
2,unb_a2.0,unbiased,2.012460729749911,5.439836502075195,80,1.797134805470705
3,unb_a2.0,unbiased,1.788853981999921,6.5471673011779785,80,1.774963698349893
4,unb_a2.0,unbiased,0.8944269909999605,4.574686050415039,80,1.748465827666223
5,unb_a2.0,unbiased,2.236067477499901,4.778079032897949,80,1.748673333786428
6,unb_a2.0,unbiased,1.5652472342499308,5.358989715576172,80,1.6511016180738807
7,unb_a2.0,unbiased,1.788853981999921,8.682247161865234,80,1.7753214621916413
8,unb_a2.0,unbiased,2.012460729749911,15.443554878234863,80,1.7746587004512548
9,unb_a2.0,unbiased,2.236067477499901,9.304856300354004,80,1.8486212007701397
10,unb_a2.0,unbiased,1.1180337387499506,7.406033992767334,80,1.7035368354991078
11,unb_a2.0,unbiased,2.236067477499901,8.799477577209473,80,1.6628291653469205
12,unb_a2.0,unbiased,1.1180337387499506,11.541446685791016,80,1.7470665201544762
13,unb_a2.0,unbiased,2.4596742252498913,9.122443199157715,80,1.6939899465069175
14,unb_a2.0,unbiased,1.5652472342499308,8.064711570739746,80,1.7370055746287107
15,unb_a2.0,unbiased,2.012460729749911,8.099864959716797,80,1.6673177238553762
16,unb_a2.0,unbiased,1.1180337387499506,16.351659774780273,80,1.66142010781914
17,unb_a2.0,unbiased,3.354101216249852,6.839060306549072,80,1.748653301037848
18,unb_a2.0,unbiased,1.1180337387499506,3.868917226791382,80,1.6880247481167316
19,unb_a2.0,unbiased,1.1180337387499506,9.779894828796387,80,1.703303755261004
20,unb_a2.0,unbiased,2.4596742252498913,9.558021545410156,80,1.7060382589697838
21,unb_a2.0,unbiased,1.3416404864999407,9.832977294921875,80,1.7078190622851253
22,unb_a2.0,unbiased,2.4596742252498913,12.068769454956055,80,1.6344890454784036
23,unb_a2.0,unbiased,0.6708202432499704,12.299498558044434,80,1.7068172255530953
24,unb_a2.0,unbiased,2.9068877207498716,8.819418907165527,80,1.683902369812131
25,unb_a2.0,unbiased,1.5652472342499308,6.235523223876953,80,1.7693640012294054
26,unb_a2.0,unbiased,0.6708202432499704,7.367690563201904,80,1.7711457489058375
27,unb_a2.0,unbiased,2.4596742252498913,10.008124351501465,80,1.677412516437471
28,unb_a2.0,unbiased,0.22360674774999012,10.046420097351074,80,1.7674683453515172
29,unb_a2.0,unbiased,1.788853981999921,8.96796989440918,80,1.7876704540103674
30,unb_a2.0,unbiased,1.1180337387499506,6.747089862823486,80,1.5873014675453305
31,unb_a2.0,unbiased,1.3416404864999407,8.387112617492676,80,1.6284743528813124
32,unb_a2.0,unbiased,1.3416404864999407,9.293591499328613,80,1.5775032406672835
33,unb_a2.0,unbiased,1.3416404864999407,8.979178428649902,80,1.7524605775251985
34,unb_a2.0,unbiased,0.6708202432499704,18.86341094970703,80,1.7489955872297287
35,unb_a2.0,unbiased,1.788853981999921,9.907649040222168,80,1.6306718476116657
36,unb_a2.0,unbiased,2.236067477499901,10.774133682250977,80,1.603065093047917
37,unb_a2.0,unbiased,2.236067477499901,7.147663116455078,80,1.6187748853117228
38,unb_a2.0,unbiased,2.4596742252498913,9.97620964050293,80,1.6413029339164495
39,unb_a2.0,unbiased,2.4596742252498913,8.14507007598877,80,1.7954257521778345
40,unb_a2.0,unbiased,2.236067477499901,12.21391773223877,80,1.6933536138385534
41,unb_a2.0,unbiased,2.236067477499901,13.83119010925293,80,1.5867413487285376
42,unb_a2.0,unbiased,0.22360674774999012,11.677186965942383,80,1.6105049727484584
43,unb_a2.0,unbiased,1.5652472342499308,17.360980987548828,80,1.5876371525228024
44,unb_a2.0,unbiased,1.788853981999921,10.246149063110352,80,1.7784096524119377
45,unb_a2.0,unbiased,1.3416404864999407,10.426578521728516,80,1.6767822979018092
46,unb_a2.0,unbiased,2.9068877207498716,13.315987586975098,80,1.6611773502081633
47,unb_a2.0,unbiased,1.1180337387499506,10.916141510009766,80,1.684384391643107
48,unb_a2.0,unbiased,2.012460729749911,11.204268455505371,80,1.6150743616744876
49,unb_a2.0,unbiased,1.788853981999921,5.054637432098389,80,1.7013460732996464
50,unb_a2.0,unbiased,2.236067477499901,8.33983325958252,80,1.7697835145518184
51,unb_a2.0,unbiased,2.4596742252498913,10.353519439697266,80,1.7943124426528811
52,unb_a2.0,unbiased,2.012460729749911,19.081478118896484,80,1.7571906857192516
53,unb_a2.0,unbiased,1.5652472342499308,11.941993713378906,80,1.7280030734837055
54,unb_a2.0,unbiased,3.577707963999842,8.913034439086914,80,1.9070735089480877
55,unb_a2.0,unbiased,1.5652472342499308,12.930800437927246,80,1.830550741404295
56,unb_a2.0,unbiased,0.6708202432499704,12.687228202819824,80,2.2419794742017984
57,unb_a2.0,unbiased,1.3416404864999407,13.862090110778809,80,2.222980171442032
58,unb_a2.0,unbiased,2.9068877207498716,13.9452543258667,80,1.807951396331191
59,unb_a2.0,unbiased,1.5652472342499308,14.907785415649414,80,1.7434402629733086
60,unb_a2.0,unbiased,1.788853981999921,8.586302757263184,80,1.7358180908486247
61,unb_a2.0,unbiased,0.44721349549998024,5.238740921020508,80,1.7736262893304229
62,unb_a2.0,unbiased,1.5652472342499308,14.813957214355469,80,2.4520549718290567
63,unb_a2.0,unbiased,2.236067477499901,10.56623363494873,80,2.0056649586185813
64,unb_a2.0,unbiased,1.788853981999921,12.378854751586914,80,1.7839417699724436
65,unb_a2.0,unbiased,4.248528207249812,7.973299980163574,80,1.7501826593652368
66,unb_a2.0,unbiased,2.012460729749911,6.647333145141602,80,1.7122555244714022
67,unb_a2.0,unbiased,2.4596742252498913,9.803988456726074,80,1.765905817039311
68,unb_a2.0,unbiased,2.012460729749911,9.059075355529785,80,1.815809777006507
69,unb_a2.0,unbiased,3.1304944684998617,12.343069076538086,80,1.6627516020089388
70,unb_a2.0,unbiased,1.1180337387499506,7.796306610107422,80,1.7139477105811238
71,unb_a2.0,unbiased,3.577707963999842,9.075468063354492,80,1.7218066435307264
72,unb_a2.0,unbiased,2.4596742252498913,12.180432319641113,80,1.7025388898327947
73,unb_a2.0,unbiased,2.9068877207498716,8.929688453674316,80,1.692003739066422
74,unb_a2.0,unbiased,2.9068877207498716,6.38388204574585,80,1.723665552213788
75,unb_a2.0,unbiased,1.788853981999921,17.09087371826172,80,1.6771046221256256
76,unb_a2.0,unbiased,-0.6708202432499704,5.250524044036865,80,1.6988242352381349
77,unb_a2.0,unbiased,2.012460729749911,12.83184814453125,80,1.6776268845424056
78,unb_a2.0,unbiased,2.6832809729998814,19.344581604003906,80,1.7856932496652007
79,unb_a2.0,unbiased,2.012460729749911,11.225423812866211,80,1.8217990128323436
80,unb_a2.0,unbiased,4.024921459499822,7.907322883605957,80,1.7140710251405835
81,unb_a2.0,unbiased,4.024921459499822,8.187894821166992,80,1.7550081657245755
82,unb_a2.0,unbiased,1.3416404864999407,13.097118377685547,80,1.7379471519961953
83,unb_a2.0,unbiased,1.3416404864999407,11.180974960327148,80,1.868205583654344
84,unb_a2.0,unbiased,3.354101216249852,9.05246353149414,80,1.6502686310559511
85,unb_a2.0,unbiased,2.9068877207498716,16.98560905456543,80,1.8246628921478987
86,unb_a2.0,unbiased,2.236067477499901,6.313347816467285,80,1.809489100240171
87,unb_a2.0,unbiased,0.8944269909999605,6.841332912445068,80,1.8761997064575553
88,unb_a2.0,unbiased,2.6832809729998814,7.129378318786621,80,1.9378992691636086
89,unb_a2.0,unbiased,2.4596742252498913,6.89621114730835,80,1.8528570150956511
90,unb_a2.0,unbiased,1.788853981999921,8.444128036499023,80,1.813406454399228
91,unb_a2.0,unbiased,1.1180337387499506,14.473555564880371,80,1.7462673392146826
92,unb_a2.0,unbiased,3.354101216249852,14.150415420532227,80,1.7014418011531234
93,unb_a2.0,unbiased,3.354101216249852,8.69409465789795,80,1.657592942006886
94,unb_a2.0,unbiased,0.6708202432499704,7.663837909698486,80,1.7100162087008357
95,unb_a2.0,unbiased,1.3416404864999407,7.227955341339111,80,1.7332310965284705
96,unb_a2.0,unbiased,1.3416404864999407,12.926308631896973,80,1.7527317646890879
97,unb_a2.0,unbiased,1.3416404864999407,10.64774227142334,80,1.7258574748411775
98,unb_a2.0,unbiased,2.6832809729998814,10.916823387145996,80,1.6374501259997487
99,unb_a2.0,unbiased,2.6832809729998814,10.879042625427246,80,1.7066877521574497
0,unb_a2.5,unbiased,3.801314711749832,17.838504791259766,80,1.7554485695436597
1,unb_a2.5,unbiased,3.801314711749832,10.984122276306152,80,1.7092543942853808
2,unb_a2.5,unbiased,3.1304944684998617,6.228265285491943,80,1.777189708314836
3,unb_a2.5,unbiased,1.1180337387499506,5.716019630432129,80,1.7146522905677557
4,unb_a2.5,unbiased,2.4596742252498913,5.218814849853516,80,1.8213460696861148
5,unb_a2.5,unbiased,4.248528207249812,9.037331581115723,80,1.7885671071708202
6,unb_a2.5,unbiased,2.4596742252498913,6.613192081451416,80,1.7233742633834481
7,unb_a2.5,unbiased,4.6957417027497925,14.701319694519043,80,1.7506925156340003
8,unb_a2.5,unbiased,2.6832809729998814,11.87606430053711,80,1.769455935806036
9,unb_a2.5,unbiased,2.236067477499901,6.477210521697998,80,1.7016928559169173
10,unb_a2.5,unbiased,3.577707963999842,9.860942840576172,80,1.6405303981155157
11,unb_a2.5,unbiased,2.012460729749911,6.096609115600586,80,1.6903561418876052
12,unb_a2.5,unbiased,3.354101216249852,16.714204788208008,80,1.6673551965504885
13,unb_a2.5,unbiased,2.012460729749911,6.659282207489014,80,1.692874544300139
14,unb_a2.5,unbiased,1.1180337387499506,6.81676721572876,80,1.706808127462864
15,unb_a2.5,unbiased,1.788853981999921,9.330238342285156,80,1.6648367634043097
16,unb_a2.5,unbiased,4.024921459499822,13.261934280395508,80,1.6537155359983444
17,unb_a2.5,unbiased,3.577707963999842,8.492175102233887,80,1.7211606185883284
18,unb_a2.5,unbiased,3.801314711749832,11.61999225616455,80,1.7579369749873877
19,unb_a2.5,unbiased,3.1304944684998617,8.665581703186035,80,1.7548089660704136
20,unb_a2.5,unbiased,3.354101216249852,10.924090385437012,80,1.8227227376773953
21,unb_a2.5,unbiased,1.5652472342499308,11.39697265625,80,1.7619521813467145
22,unb_a2.5,unbiased,2.6832809729998814,9.686017036437988,80,1.7463998394086957
23,unb_a2.5,unbiased,2.236067477499901,12.319607734680176,80,1.7677728245034814
24,unb_a2.5,unbiased,1.788853981999921,6.146312713623047,80,1.752844138070941
25,unb_a2.5,unbiased,3.801314711749832,11.092292785644531,80,1.7455604383721948
26,unb_a2.5,unbiased,4.919348450499783,6.1886491775512695,80,1.6520725656300783
27,unb_a2.5,unbiased,2.236067477499901,10.28982925415039,80,1.6656803246587515
28,unb_a2.5,unbiased,0.6708202432499704,9.420381546020508,80,1.6985148806124926
29,unb_a2.5,unbiased,1.788853981999921,6.709079265594482,80,1.7441680524498224
30,unb_a2.5,unbiased,2.9068877207498716,9.20281982421875,80,1.6430366560816765
31,unb_a2.5,unbiased,1.3416404864999407,9.660497665405273,80,1.7216243157163262
32,unb_a2.5,unbiased,2.4596742252498913,9.74361801147461,80,1.581510883755982
33,unb_a2.5,unbiased,0.0,9.625983238220215,80,1.6046883696690202
34,unb_a2.5,unbiased,1.788853981999921,8.424846649169922,80,1.648530370555818
35,unb_a2.5,unbiased,2.236067477499901,9.844422340393066,80,1.6183661976829171
36,unb_a2.5,unbiased,2.6832809729998814,13.075346946716309,80,1.5593781284987926
37,unb_a2.5,unbiased,3.354101216249852,10.64111328125,80,1.594697860069573
38,unb_a2.5,unbiased,2.4596742252498913,11.132573127746582,80,1.6182970944792032
39,unb_a2.5,unbiased,1.5652472342499308,7.803407192230225,80,1.537346925586462
40,unb_a2.5,unbiased,3.354101216249852,13.009387969970703,80,1.6641154801473022
41,unb_a2.5,unbiased,2.012460729749911,6.305163860321045,80,1.675840249285102
42,unb_a2.5,unbiased,4.472134954999802,13.903974533081055,80,1.6480343649163842
43,unb_a2.5,unbiased,2.6832809729998814,16.58142852783203,80,1.6378465434536338
44,unb_a2.5,unbiased,3.1304944684998617,11.142077445983887,80,1.6381140425801277
45,unb_a2.5,unbiased,2.4596742252498913,9.805185317993164,80,1.5911488262936473
46,unb_a2.5,unbiased,3.354101216249852,16.224985122680664,80,1.6714715706184506
47,unb_a2.5,unbiased,2.6832809729998814,13.242902755737305,80,1.6572324819862843
48,unb_a2.5,unbiased,2.236067477499901,13.987643241882324,80,1.6429793741554022
49,unb_a2.5,unbiased,2.012460729749911,4.484834671020508,80,1.665481940843165
50,unb_a2.5,unbiased,2.6832809729998814,12.312081336975098,80,1.6574447052553296
51,unb_a2.5,unbiased,2.4596742252498913,11.038854598999023,80,1.6920238882303238
52,unb_a2.5,unbiased,2.012460729749911,10.28575611114502,80,1.6359530352056026
53,unb_a2.5,unbiased,4.024921459499822,14.666226387023926,80,1.6410920778289437
54,unb_a2.5,unbiased,1.788853981999921,9.379348754882812,80,1.5804590843617916
55,unb_a2.5,unbiased,2.6832809729998814,15.663620948791504,80,1.626561232842505
56,unb_a2.5,unbiased,4.248528207249812,13.456282615661621,80,1.7455996181815863
57,unb_a2.5,unbiased,3.1304944684998617,14.687183380126953,80,1.6147058689966798
58,unb_a2.5,unbiased,3.577707963999842,8.921107292175293,80,1.7368584740906954
59,unb_a2.5,unbiased,2.236067477499901,8.478203773498535,80,1.761115612462163
60,unb_a2.5,unbiased,2.6832809729998814,12.25372314453125,80,1.7305923318490386
61,unb_a2.5,unbiased,1.788853981999921,5.863083362579346,80,1.8260724106803536
62,unb_a2.5,unbiased,0.22360674774999012,8.548355102539062,80,1.6410339092835784
63,unb_a2.5,unbiased,3.354101216249852,11.374929428100586,80,1.6859727278351784
64,unb_a2.5,unbiased,4.6957417027497925,11.881119728088379,80,1.6064303955063224
65,unb_a2.5,unbiased,3.354101216249852,16.554250717163086,80,1.642208032310009
66,unb_a2.5,unbiased,3.1304944684998617,4.7853803634643555,80,1.6208847714588046
67,unb_a2.5,unbiased,2.9068877207498716,9.941240310668945,80,1.5912968264892697
68,unb_a2.5,unbiased,2.9068877207498716,8.093826293945312,80,1.6604986088350415
69,unb_a2.5,unbiased,1.1180337387499506,6.900542259216309,80,1.6796772638335824
70,unb_a2.5,unbiased,1.5652472342499308,13.41291618347168,80,1.7387077966704965
71,unb_a2.5,unbiased,3.1304944684998617,13.036664009094238,80,1.7709972197189927
72,unb_a2.5,unbiased,4.024921459499822,6.435725212097168,80,1.8438062239438295
73,unb_a2.5,unbiased,2.012460729749911,7.301736831665039,80,1.7994142593815923
74,unb_a2.5,unbiased,1.3416404864999407,5.971667766571045,80,1.7634503217414021
75,unb_a2.5,unbiased,2.9068877207498716,12.598477363586426,80,1.6192875020205975
76,unb_a2.5,unbiased,4.024921459499822,8.969507217407227,80,1.6414780374616385
77,unb_a2.5,unbiased,2.6832809729998814,11.650651931762695,80,1.69497758615762
78,unb_a2.5,unbiased,3.801314711749832,6.723320007324219,80,1.7677350966259837
79,unb_a2.5,unbiased,2.6832809729998814,5.472170829772949,80,1.84289213642478
80,unb_a2.5,unbiased,2.9068877207498716,6.317165851593018,80,1.8286525011062622
81,unb_a2.5,unbiased,3.354101216249852,7.846124649047852,80,1.73827438428998
82,unb_a2.5,unbiased,3.354101216249852,10.853917121887207,80,1.8038406409323215
83,unb_a2.5,unbiased,2.9068877207498716,11.969840049743652,80,1.6507487799972296
84,unb_a2.5,unbiased,2.012460729749911,13.195384979248047,80,1.6765245366841555
85,unb_a2.5,unbiased,2.6832809729998814,9.841723442077637,80,1.6985983364284039
86,unb_a2.5,unbiased,1.3416404864999407,7.278229713439941,80,1.6936059389263391
87,unb_a2.5,unbiased,0.44721349549998024,8.59274959564209,80,1.652551518753171
88,unb_a2.5,unbiased,1.1180337387499506,13.624216079711914,80,1.682955527678132
89,unb_a2.5,unbiased,2.6832809729998814,9.893646240234375,80,1.7350707119330764
90,unb_a2.5,unbiased,3.801314711749832,12.016571998596191,80,1.749314601533115
91,unb_a2.5,unbiased,5.366561945999763,12.743875503540039,80,1.755253341048956
92,unb_a2.5,unbiased,3.801314711749832,12.460949897766113,80,1.7624077424407005
93,unb_a2.5,unbiased,2.6832809729998814,6.343152046203613,80,1.7300041411072016
94,unb_a2.5,unbiased,4.6957417027497925,13.63286304473877,80,1.8090603910386562
95,unb_a2.5,unbiased,3.801314711749832,12.578252792358398,80,1.7937631541863084
96,unb_a2.5,unbiased,3.801314711749832,13.848018646240234,80,1.7573128445073962
97,unb_a2.5,unbiased,3.354101216249852,12.521656036376953,80,1.7300847452133894
98,unb_a2.5,unbiased,1.1180337387499506,8.007667541503906,80,1.6809386741369963
99,unb_a2.5,unbiased,2.012460729749911,8.388998985290527,80,1.7536497712135315
0,unb_a3.0,unbiased,3.354101216249852,10.601053237915039,80,1.9049055660143495
1,unb_a3.0,unbiased,4.472134954999802,7.638288497924805,80,1.562961932271719
2,unb_a3.0,unbiased,2.9068877207498716,8.755477905273438,80,1.725647590123117
3,unb_a3.0,unbiased,2.9068877207498716,5.493779182434082,80,1.6389687061309814
4,unb_a3.0,unbiased,1.788853981999921,4.270040512084961,80,1.720680202357471
5,unb_a3.0,unbiased,3.801314711749832,11.995878219604492,80,1.6963977860286832
6,unb_a3.0,unbiased,1.5652472342499308,4.447240829467773,80,1.710848649032414
7,unb_a3.0,unbiased,4.024921459499822,8.383392333984375,80,1.6493796994909644
8,unb_a3.0,unbiased,4.024921459499822,13.924150466918945,80,1.7253981474786997
9,unb_a3.0,unbiased,4.248528207249812,8.656661033630371,80,1.7271962594240904
10,unb_a3.0,unbiased,1.788853981999921,6.383524417877197,80,1.7504153661429882
11,unb_a3.0,unbiased,0.8944269909999605,4.345117092132568,80,1.7929687378928065
12,unb_a3.0,unbiased,4.248528207249812,8.263418197631836,80,1.6733811823651195
13,unb_a3.0,unbiased,4.248528207249812,6.9901885986328125,80,1.6628298684954643
14,unb_a3.0,unbiased,3.1304944684998617,7.507741451263428,80,1.67850143276155
15,unb_a3.0,unbiased,2.012460729749911,11.871602058410645,80,1.7101683402433991
16,unb_a3.0,unbiased,4.024921459499822,11.670821189880371,80,1.6751859076321125
17,unb_a3.0,unbiased,3.354101216249852,10.062675476074219,80,1.7456712014973164
18,unb_a3.0,unbiased,2.236067477499901,8.703311920166016,80,1.798963475972414
19,unb_a3.0,unbiased,3.1304944684998617,14.353982925415039,80,1.7882242100313306
20,unb_a3.0,unbiased,3.354101216249852,11.17475414276123,80,1.7812698613852262
21,unb_a3.0,unbiased,2.6832809729998814,10.740821838378906,80,1.706662965938449
22,unb_a3.0,unbiased,2.9068877207498716,10.343902587890625,80,1.7893162239342928
23,unb_a3.0,unbiased,1.788853981999921,12.083355903625488,80,1.755994818173349
24,unb_a3.0,unbiased,3.1304944684998617,11.202000617980957,80,1.8059883303940296
25,unb_a3.0,unbiased,2.9068877207498716,9.074132919311523,80,1.765157793648541
26,unb_a3.0,unbiased,3.577707963999842,10.62858772277832,80,1.7325107352808118
27,unb_a3.0,unbiased,2.4596742252498913,9.783839225769043,80,1.7985975621268153
28,unb_a3.0,unbiased,5.142955198249773,16.029321670532227,80,1.8233939846977592
29,unb_a3.0,unbiased,2.9068877207498716,7.198360919952393,80,1.790785988792777
30,unb_a3.0,unbiased,2.012460729749911,11.026087760925293,80,1.7391556659713387
31,unb_a3.0,unbiased,3.354101216249852,11.490701675415039,80,1.8129798453301191
32,unb_a3.0,unbiased,1.788853981999921,10.081130027770996,80,1.7344330148771405
33,unb_a3.0,unbiased,3.354101216249852,12.612826347351074,80,1.7655114000663161
34,unb_a3.0,unbiased,2.236067477499901,10.476969718933105,80,1.790795337408781
35,unb_a3.0,unbiased,2.236067477499901,10.676219940185547,80,1.6792968520894647
36,unb_a3.0,unbiased,2.4596742252498913,9.573657989501953,80,1.7260040082037449
37,unb_a3.0,unbiased,2.012460729749911,7.556848526000977,80,1.7571069365367293
38,unb_a3.0,unbiased,1.1180337387499506,7.245419025421143,80,1.757024360820651
39,unb_a3.0,unbiased,2.6832809729998814,8.436066627502441,80,1.7942685764282942
40,unb_a3.0,unbiased,2.236067477499901,18.769765853881836,80,1.7975035877898335
41,unb_a3.0,unbiased,4.919348450499783,11.517630577087402,80,1.705438849516213
42,unb_a3.0,unbiased,4.024921459499822,8.60533332824707,80,1.7945552030578256
43,unb_a3.0,unbiased,2.4596742252498913,19.771453857421875,80,1.6974286660552025
44,unb_a3.0,unbiased,4.919348450499783,31.202651977539062,80,1.633929943665862
45,unb_a3.0,unbiased,3.801314711749832,10.61550235748291,80,1.6555239409208298
46,unb_a3.0,unbiased,4.472134954999802,19.791521072387695,80,1.7679313914850354
47,unb_a3.0,unbiased,3.1304944684998617,11.500288963317871,80,1.7700251890346408
48,unb_a3.0,unbiased,4.248528207249812,18.50302505493164,80,1.7228156849741936
49,unb_a3.0,unbiased,3.801314711749832,11.911005973815918,80,1.6914583537727594
50,unb_a3.0,unbiased,3.1304944684998617,11.09974479675293,80,1.705697214230895
51,unb_a3.0,unbiased,1.788853981999921,8.23930549621582,80,1.730346872471273
52,unb_a3.0,unbiased,3.801314711749832,12.419825553894043,80,1.6489201905205846
53,unb_a3.0,unbiased,3.354101216249852,15.048731803894043,80,1.6457797214388847
54,unb_a3.0,unbiased,3.577707963999842,17.975383758544922,80,1.6635329918935895
55,unb_a3.0,unbiased,5.142955198249773,19.640403747558594,80,1.7239579893648624
56,unb_a3.0,unbiased,3.577707963999842,12.243692398071289,80,1.7701957691460848
57,unb_a3.0,unbiased,0.22360674774999012,9.391552925109863,80,1.729581373743713
58,unb_a3.0,unbiased,3.577707963999842,7.680668354034424,80,1.7006950629875064
59,unb_a3.0,unbiased,3.577707963999842,13.314839363098145,80,1.7472623903304338
60,unb_a3.0,unbiased,2.9068877207498716,10.135956764221191,80,1.7273553237318993
61,unb_a3.0,unbiased,2.9068877207498716,8.423637390136719,80,1.6173073668032885
62,unb_a3.0,unbiased,0.6708202432499704,8.448674201965332,80,1.671749172732234
63,unb_a3.0,unbiased,3.354101216249852,10.362395286560059,80,1.6858114916831255
64,unb_a3.0,unbiased,2.9068877207498716,7.223994731903076,80,1.6976758809760213
65,unb_a3.0,unbiased,2.9068877207498716,8.378728866577148,80,1.7057169191539288
66,unb_a3.0,unbiased,2.236067477499901,5.85261869430542,80,1.7945850687101483
67,unb_a3.0,unbiased,4.472134954999802,5.322434425354004,80,1.8213223675265908
68,unb_a3.0,unbiased,3.354101216249852,6.9981184005737305,80,1.6639406196773052
69,unb_a3.0,unbiased,2.236067477499901,8.297286987304688,80,1.7175898663699627
70,unb_a3.0,unbiased,2.9068877207498716,14.371018409729004,80,2.1749115930870175
71,unb_a3.0,unbiased,1.3416404864999407,7.927819728851318,80,2.2118853349238634
72,unb_a3.0,unbiased,0.8944269909999605,5.21474027633667,80,1.7536787958815694
73,unb_a3.0,unbiased,4.024921459499822,12.872002601623535,80,1.7647815765812993
74,unb_a3.0,unbiased,2.012460729749911,6.239545822143555,80,1.8431768789887428
75,unb_a3.0,unbiased,3.577707963999842,9.516584396362305,80,1.858943291939795
76,unb_a3.0,unbiased,3.801314711749832,7.672266006469727,80,1.8784108655527234
77,unb_a3.0,unbiased,1.788853981999921,8.311668395996094,80,1.8557818420231342
78,unb_a3.0,unbiased,2.9068877207498716,7.011861801147461,80,1.7924490720033646
79,unb_a3.0,unbiased,2.4596742252498913,15.582286834716797,80,1.7303375145420432
80,unb_a3.0,unbiased,3.354101216249852,8.20675277709961,80,1.7761296080425382
81,unb_a3.0,unbiased,1.788853981999921,8.231849670410156,80,1.7798844398930669
82,unb_a3.0,unbiased,3.354101216249852,10.776571273803711,80,1.746739473193884
83,unb_a3.0,unbiased,3.354101216249852,14.812590599060059,80,1.8003786224871874
84,unb_a3.0,unbiased,2.012460729749911,12.13092041015625,80,1.8118775617331266
85,unb_a3.0,unbiased,2.6832809729998814,9.396646499633789,80,1.8591277180239558
86,unb_a3.0,unbiased,1.3416404864999407,7.202093601226807,80,1.7797796819359064
87,unb_a3.0,unbiased,2.6832809729998814,9.900736808776855,80,1.7533432999625802
88,unb_a3.0,unbiased,2.012460729749911,9.228462219238281,80,1.7716238517314196
89,unb_a3.0,unbiased,3.801314711749832,9.047574996948242,80,1.7804577900096774
90,unb_a3.0,unbiased,2.4596742252498913,12.713350296020508,80,1.7123783305287361
91,unb_a3.0,unbiased,3.801314711749832,16.453838348388672,80,1.7513631545007229
92,unb_a3.0,unbiased,4.248528207249812,12.460741996765137,80,1.676462359726429
93,unb_a3.0,unbiased,3.801314711749832,6.853298187255859,80,1.7219480471685529
94,unb_a3.0,unbiased,3.1304944684998617,14.114087104797363,80,1.638188784942031
95,unb_a3.0,unbiased,2.4596742252498913,4.584240913391113,80,1.746525026857853
96,unb_a3.0,unbiased,4.248528207249812,17.607820510864258,80,1.75643125269562
97,unb_a3.0,unbiased,5.366561945999763,12.637932777404785,80,1.665349886752665
98,unb_a3.0,unbiased,4.248528207249812,13.330415725708008,80,1.6815901855006814
99,unb_a3.0,unbiased,3.1304944684998617,9.697176933288574,80,1.7657615058124065
0,unb_a3.5,unbiased,5.142955198249773,10.002933502197266,80,1.6627076677978039
1,unb_a3.5,unbiased,2.9068877207498716,7.644481182098389,80,1.6970296446233988
2,unb_a3.5,unbiased,2.236067477499901,8.563981056213379,80,1.7022040039300919
3,unb_a3.5,unbiased,4.024921459499822,5.940217018127441,80,1.852156831882894
4,unb_a3.5,unbiased,2.4596742252498913,9.42763900756836,80,1.8184948582202196
5,unb_a3.5,unbiased,3.801314711749832,8.369095802307129,80,1.7516752136871219
6,unb_a3.5,unbiased,3.354101216249852,6.618356704711914,80,1.8175540436059237
7,unb_a3.5,unbiased,4.919348450499783,8.806381225585938,80,1.8454390540719032
8,unb_a3.5,unbiased,4.919348450499783,13.185346603393555,80,1.801243538968265
9,unb_a3.5,unbiased,1.788853981999921,8.406461715698242,80,1.7136494861915708
10,unb_a3.5,unbiased,5.142955198249773,12.67264461517334,80,1.8000643104314804
11,unb_a3.5,unbiased,4.472134954999802,11.188166618347168,80,2.273758102208376
12,unb_a3.5,unbiased,3.354101216249852,7.770592212677002,80,2.0084225749596953
13,unb_a3.5,unbiased,2.9068877207498716,8.179659843444824,80,1.8413724536076188
14,unb_a3.5,unbiased,4.6957417027497925,11.941460609436035,80,1.8459542263299227
15,unb_a3.5,unbiased,4.248528207249812,15.562705039978027,80,1.8986155083402991
16,unb_a3.5,unbiased,4.248528207249812,17.167184829711914,80,2.244446901604533
17,unb_a3.5,unbiased,2.9068877207498716,8.316282272338867,80,2.003421161323786
18,unb_a3.5,unbiased,2.012460729749911,6.145227909088135,80,1.7007264290004969
19,unb_a3.5,unbiased,2.9068877207498716,8.894248008728027,80,1.7266234960407019
20,unb_a3.5,unbiased,4.919348450499783,13.219491958618164,80,1.6898913141340017
21,unb_a3.5,unbiased,4.472134954999802,14.545641899108887,80,1.7185569927096367
22,unb_a3.5,unbiased,2.236067477499901,9.618424415588379,80,1.7342882622033358
23,unb_a3.5,unbiased,3.1304944684998617,16.109891891479492,80,1.6951054269447923
24,unb_a3.5,unbiased,3.354101216249852,8.050125122070312,80,1.6842544032260776
25,unb_a3.5,unbiased,3.354101216249852,9.133611679077148,80,1.6842110631987453
26,unb_a3.5,unbiased,3.801314711749832,8.717385292053223,80,1.682029290124774
27,unb_a3.5,unbiased,4.919348450499783,9.590073585510254,80,1.6738335397094488
28,unb_a3.5,unbiased,2.9068877207498716,10.720664024353027,80,1.6224938379600644
29,unb_a3.5,unbiased,2.4596742252498913,11.387425422668457,80,1.611631947569549
30,unb_a3.5,unbiased,3.577707963999842,9.557332992553711,80,1.663843773305416
31,unb_a3.5,unbiased,3.577707963999842,9.214651107788086,80,1.6427287021651864
32,unb_a3.5,unbiased,3.1304944684998617,9.109832763671875,80,1.6288134846836329
33,unb_a3.5,unbiased,3.577707963999842,8.395177841186523,80,1.6631644647568464
34,unb_a3.5,unbiased,5.142955198249773,19.39337921142578,80,1.6591421272605658
35,unb_a3.5,unbiased,2.4596742252498913,10.021491050720215,80,1.6494013480842113
36,unb_a3.5,unbiased,4.472134954999802,16.90733528137207,80,1.6987241096794605
37,unb_a3.5,unbiased,5.366561945999763,8.041863441467285,80,1.6772472700104117
38,unb_a3.5,unbiased,2.9068877207498716,8.723369598388672,80,1.6628483477979898
39,unb_a3.5,unbiased,4.6957417027497925,15.686219215393066,80,1.5913862260058522
40,unb_a3.5,unbiased,3.577707963999842,8.287739753723145,80,1.6257450375705957
41,unb_a3.5,unbiased,3.577707963999842,12.763513565063477,80,1.6325078895315528
42,unb_a3.5,unbiased,3.801314711749832,6.055891513824463,80,1.7024298217147589
43,unb_a3.5,unbiased,4.919348450499783,19.290851593017578,80,1.6463564252480865
44,unb_a3.5,unbiased,3.577707963999842,15.510771751403809,80,1.6901603396981955
45,unb_a3.5,unbiased,4.919348450499783,14.875021934509277,80,1.6605151537805796
46,unb_a3.5,unbiased,5.142955198249773,11.187230110168457,80,1.6700282264500856
47,unb_a3.5,unbiased,3.577707963999842,17.683332443237305,80,1.7154773380607367
48,unb_a3.5,unbiased,5.590168693749753,15.03606128692627,80,1.7966348640620708
49,unb_a3.5,unbiased,4.024921459499822,12.937541007995605,80,1.7484537530690432
50,unb_a3.5,unbiased,3.354101216249852,8.908048629760742,80,1.7061301432549953
51,unb_a3.5,unbiased,2.9068877207498716,7.0384955406188965,80,1.7758264224976301
52,unb_a3.5,unbiased,3.1304944684998617,9.941267013549805,80,1.7641235999763012
53,unb_a3.5,unbiased,2.9068877207498716,11.712438583374023,80,1.7726066894829273
54,unb_a3.5,unbiased,4.6957417027497925,19.022762298583984,80,1.7604380659759045
55,unb_a3.5,unbiased,4.472134954999802,11.82748794555664,80,1.7614588281139731
56,unb_a3.5,unbiased,2.9068877207498716,12.640199661254883,80,1.7601680206134915
57,unb_a3.5,unbiased,4.919348450499783,17.186800003051758,80,1.7150569120422006
58,unb_a3.5,unbiased,2.9068877207498716,8.143712997436523,80,1.7103830687701702
59,unb_a3.5,unbiased,2.6832809729998814,10.000222206115723,80,1.729943827725947
60,unb_a3.5,unbiased,3.801314711749832,8.23369312286377,80,1.7239755960181355
61,unb_a3.5,unbiased,2.236067477499901,8.3411283493042,80,1.830861489288509
62,unb_a3.5,unbiased,4.024921459499822,8.320456504821777,80,1.785179785452783
63,unb_a3.5,unbiased,2.9068877207498716,5.160924911499023,80,1.7402215050533414
64,unb_a3.5,unbiased,3.354101216249852,11.209070205688477,80,1.9584658732637763
65,unb_a3.5,unbiased,4.472134954999802,7.737330436706543,80,1.8957763174548745
66,unb_a3.5,unbiased,3.577707963999842,6.638548374176025,80,1.7647633766755462
67,unb_a3.5,unbiased,3.801314711749832,8.579179763793945,80,1.811244923621416
68,unb_a3.5,unbiased,4.024921459499822,8.73471450805664,80,1.7442537667229772
69,unb_a3.5,unbiased,4.6957417027497925,10.216469764709473,80,1.8121111076325178
70,unb_a3.5,unbiased,5.366561945999763,15.839517593383789,80,1.7375590344890952
71,unb_a3.5,unbiased,5.590168693749753,11.46243667602539,80,1.7462119460105896
72,unb_a3.5,unbiased,4.6957417027497925,14.198840141296387,80,1.748562199063599
73,unb_a3.5,unbiased,4.472134954999802,9.68001937866211,80,1.8400318771600723
74,unb_a3.5,unbiased,3.354101216249852,6.323816776275635,80,1.7086403649300337
75,unb_a3.5,unbiased,3.577707963999842,17.154619216918945,80,1.6379128359258175
76,unb_a3.5,unbiased,3.801314711749832,11.717966079711914,80,1.8268308397382498
77,unb_a3.5,unbiased,2.012460729749911,10.354159355163574,80,1.7755237706005573
78,unb_a3.5,unbiased,4.248528207249812,12.65253734588623,80,1.70415357965976
79,unb_a3.5,unbiased,4.6957417027497925,11.157812118530273,80,1.795699454843998
80,unb_a3.5,unbiased,5.142955198249773,8.98669147491455,80,1.6949387909844518
81,unb_a3.5,unbiased,3.577707963999842,11.264159202575684,80,1.6598142571747303
82,unb_a3.5,unbiased,3.1304944684998617,8.02143669128418,80,1.748278558254242
83,unb_a3.5,unbiased,3.354101216249852,7.676455497741699,80,1.7246401933953166
84,unb_a3.5,unbiased,2.4596742252498913,18.194931030273438,80,1.7460092166438699
85,unb_a3.5,unbiased,3.801314711749832,8.497554779052734,80,1.861013863235712
86,unb_a3.5,unbiased,2.6832809729998814,7.17277717590332,80,1.7727156495675445
87,unb_a3.5,unbiased,2.012460729749911,8.271763801574707,80,1.66240025870502
88,unb_a3.5,unbiased,1.5652472342499308,7.511322498321533,80,1.6249782219529152
89,unb_a3.5,unbiased,2.4596742252498913,5.612405300140381,80,1.7102611931040883
90,unb_a3.5,unbiased,2.236067477499901,8.094571113586426,80,1.797559036873281
91,unb_a3.5,unbiased,4.248528207249812,22.888614654541016,80,1.738804453983903
92,unb_a3.5,unbiased,3.354101216249852,12.06930160522461,80,1.8140973020344973
93,unb_a3.5,unbiased,4.024921459499822,6.859364032745361,80,1.7533167712390423
94,unb_a3.5,unbiased,3.354101216249852,8.636846542358398,80,1.778885387815535
95,unb_a3.5,unbiased,4.919348450499783,11.016522407531738,80,1.7387092551216483
96,unb_a3.5,unbiased,3.354101216249852,11.114960670471191,80,1.7420572023838758
97,unb_a3.5,unbiased,4.472134954999802,10.369159698486328,80,1.7301249308511615
98,unb_a3.5,unbiased,5.813775441499743,16.224058151245117,80,1.5872088493779302
99,unb_a3.5,unbiased,3.577707963999842,12.238435745239258,80,1.637771513313055
